song_title,artist,release_date,album,genre,duration_seconds,rating,record_label,country
"Final Season, The",Avictor Ducker,11/5/1998,Galapagos dove,punk,315,5,Dabvine,Uruguay
"Paper Will Be Blue, The (Hîrtia va fi albastrã)",Melamie Moulster,,Herring gull,punk revival,174,,Rhybox,China
Malone,Gregg Pancast,1/29/1983,Black kite,post punk,381,,,Cameroon
Elevator Girl,Chrysler Mc Dermid,,"Dragonfly, russian",post punk,72,7,Photojam,Sweden
Summer Days With Coo,Amabelle Jennery,,Gaur,pop punk,128,,,
"Burrowers, The",Feliza Kenan,10/10/2018,Black-capped chickadee,punk,382,2,Jaxnation,Indonesia
"Wooden Man's Bride, The (Yan shen)",Cordie Amys,3/31/1977,Nilgai,hardcore,354,10,,Russia
Another Chance,Ermentrude Macias,3/13/1990,Common turkey,grunge,338,,Twinder,Indonesia
Hairspray,Cyrillus Goreway,7/19/1978,"Bustard, stanley",post punk,95,,Devify,China
And Soon the Darkness,Minny Ruzicka,,"Sandgrouse, yellow-throated",post punk,99,,Buzzshare,Japan
Excuse My Dust,Antoine Libri,3/6/2011,Bushbuck,pop punk,170,,Voonder,Poland
Undefeatable,Stafford Backs,7/22/1990,Civet (unidentified),punk revival,370,,Skimia,Pakistan
How the West Was Fun,D'arcy Hryniewicz,5/1/2017,"Rattlesnake, eastern diamondback",punk revival,414,7,Bubblemix,Nigeria
"Last Ferry, The (Ostatni prom)",Yettie Streader,7/7/1997,Common zorro,pop punk,165,2,Tagtune,Brazil
"Rachel Papers, The",,11/30/1995,,grunge,294,,Minyx,Dominican Republic
Exit Through the Gift Shop,Ulrica Godard,,Common wombat,hardcore,231,,,China
Rain Man,Gretna Craigie,6/8/1990,Cattle egret,proto punk,269,,Wordware,Japan
Ballou,,,African jacana,pop punk,119,,Cogilith,Nigeria
Planet Ocean,Viola Bottomore,,"Weaver, chestnut",proto punk,273,4,Quimba,
Only the Lonely,Linda Henningham,6/21/1998,Spotted-tailed quoll,pop punk,298,7,Topiclounge,
Get Hard,Cristi Plascott,6/1/2017,Cape raven,punk,154,,Yoveo,China
"Four Days of Naples, The (Le quattro giornate di Napoli)",Dido Caddell,,Crab (unidentified),proto punk,357,,DabZ,Ethiopia
Going Overboard,Scarlett Arsey,3/17/2006,"Gonolek, burchell's",post punk,53,5,,
Newsfront,Isaac Lomansey,7/22/2008,Smith's bush squirrel,proto punk,335,1,Edgeclub,Indonesia
In Good Company,Lydia Kuhne,,Comb duck,grunge,226,2,Katz,Tanzania
"Leaning Tower, The (Kalteva torni)",Karin Franklin,4/16/1991,"Lion, mountain",proto punk,284,1,Latz,El Salvador
Different for Girls,Keri Fridd,8/7/2005,Coyote,post punk,208,,Pixonyx,Thailand
Broadway Melody of 1940,Olympie Farries,,Platypus,post punk,260,,Zazio,Vietnam
Sweet Evil (L'enfance du mal),Cleve Olivera,9/14/2012,European wild cat,pop punk,272,4,Fliptune,Argentina
The Beales of Grey Gardens,Helsa Tuddall,10/13/1995,Civet cat,grunge,194,,,Brazil
Christmas with the Kranks,Uri Clemanceau,8/21/2005,"Bear, grizzly",pop punk,203,,Browsebug,Russia
Gypsy,Deidre Yaneev,,"Genet, small-spotted",post punk,283,7,Dabjam,France
Madagascar,Brana McBrady,1/16/1993,"Wallaby, dama",punk revival,202,,Jabbercube,France
Kundun,Corie Dundredge,7/26/1986,,pop punk,396,,Pixoboo,Argentina
Harry and Tonto,Bren Chugg,6/5/1990,Great white pelican,grunge,380,5,Gevee,Portugal
"Bird of the Air, A (Loop, The)",Ruthann Halsall,3/18/2019,Elegant crested tinamou,hardcore,66,,Abatz,Argentina
,Marika McCreary,9/11/1996,"Elephant, asian",pop punk,84,5,,
Dead Man's Walk,Tonie Segrave,7/14/2003,Black-footed ferret,punk,94,9,Zoomdog,United States
Topaze,Misha Germann,2/11/2017,Common genet,grunge,345,,Gabtype,Philippines
Catching Hell,Samson Drinkeld,3/22/2016,Arboral spiny rat,punk,318,8,Realmix,China
Criminals,Ailsun Kibbe,9/24/2015,Pallas's fish eagle,post punk,382,3,BlogXS,Indonesia
Man of Marble (Czlowiek z Marmuru),Gail Scoffins,7/9/1984,Guerza,post punk,20,10,Zoozzy,Greece
Top Secret!,Bernadina Malins,10/17/2010,Emerald green tree boa,hardcore,280,9,InnoZ,Indonesia
"Winning Season, The",Yvonne Ewer,,"Capuchin, black-capped",punk,208,,Flashspan,France
Folks!,Annissa Ryce,1/15/1996,"Kangaroo, jungle",punk,330,6,Vinder,China
Kotch,,8/27/1975,,punk revival,180,3,Fivebridge,Poland
Criminal Justice,Shelia Fawley,1/24/1978,"Seal, northern elephant",grunge,288,10,Jaxspan,Peru
"Overbrook Brothers, The",Jecho Jina,12/20/1975,Brush-tailed rat kangaroo,proto punk,135,,Gigashots,Netherlands
Vares: The Kiss of Evil (Vares - Pahan suudelma),Arvie Heritege,4/21/2008,Harbor seal,post punk,219,8,Divavu,Libya
Tai Chi Hero,,9/19/1995,Swallow-tail gull,hardcore,366,9,Aibox,Hungary
Tiny Furniture,,6/22/2018,"Lechwe, kafue flats",punk,188,5,Brightbean,Philippines
True Colors,Thurston Destouche,9/10/1972,"Weaver, lesser masked",hardcore,400,2,,China
"Good Lawyer's Wife, A (Baramnan gajok)",Andras Skarr,,"Deer, red",pop punk,40,7,Aivee,Philippines
"Twilight Saga: Breaking Dawn - Part 1, The",Humfrid Stuckow,9/29/1994,"Snake, racer",hardcore,165,,Twitterbeat,
"Ballad of the Sad Cafe, The",Ottilie Tatem,6/24/1974,Horned lark,post punk,400,9,Thoughtbridge,France
Morning Patrol (Proini peripolos),Coralyn Broadfoot,,Pied kingfisher,pop punk,136,8,Blogpad,Palestinian Territory
Frenchman's Creek,Ginnifer Gallaccio,6/17/1987,"Pintail, bahama",grunge,313,4,Podcat,Tajikistan
"Station Agent, The",Piper Denziloe,5/1/1975,Sun gazer,grunge,268,4,,Burkina Faso
Envy (Kiskanmak),,,Mountain goat,punk,379,8,Abatz,Albania
People Will Talk,Sheffy Love,2/13/2000,"Dog, bush",punk,416,1,Browsezoom,
No Where No One (Hich Koja Hich Kas),Major Joplin,11/23/1973,"Flamingo, roseat",grunge,396,,Riffwire,
Table 7,Godfry Josifovic,1/10/1973,Vervet monkey,proto punk,79,7,,Poland
Oceans (Océans),Ginnie Hassett,2/17/1984,Brown capuchin,punk revival,323,3,Jayo,
Good Vibrations,Marieann Corpe,11/23/1975,Giant armadillo,proto punk,237,7,Divape,Russia
'Twas the Night Before Christmas,Gerhardine Prott,9/20/2021,"Iguana, common green",punk revival,109,,Demivee,Georgia
Suite Française,Sibyl Futty,7/4/1979,Currasow (unidentified),punk revival,191,,Rhycero,Portugal
"Cold Water (Eau Froide, L')",Daryle Jurisic,10/19/2004,Steenbok,proto punk,349,,Zoozzy,China
"Story of Me, The (O contador de histórias)",Giusto Mickelwright,2/26/2021,"Salmon, sockeye",punk,58,8,Viva,United States
Dracula's Daughter,Bing Grey,8/24/1981,"Sloth, two-toed",punk,133,,Thoughtbeat,
Home Movie,Giana Thumnel,6/27/1995,"Corella, long-billed",hardcore,313,9,Browsezoom,Japan
Dabangg 2,Roman Cabble,2/16/1973,Madagascar hawk owl,pop punk,53,4,Skyble,Indonesia
The New Babylon,Jacqui Gove,2/17/2000,Downy woodpecker,pop punk,47,1,Blogtags,Greece
Jack Frost 2: Revenge of the Mutant Killer Snowman,Garreth Kyteley,12/30/2001,"Marten, american",pop punk,412,8,Tagchat,
How I Won the War,Eden Wabey,8/29/1998,"Alligator, american",punk,404,6,Quire,Ukraine
Rikyu,Elvera Fowkes,7/20/2014,"Turkey, common",punk revival,399,8,,China
How to Eat Fried Worms,Skell Royds,5/8/2009,Blue-footed booby,grunge,127,5,Jatri,Vietnam
Don't Go Breaking My Heart (Daan gyun naam yu),Waldon Bemlott,11/4/1994,Black-throated cardinal,grunge,21,,,
Dumplings (Gaau ji),Rosemarie Grinley,4/25/1972,Cape wild cat,punk revival,282,,Gevee,Liberia
Bellissima,Dimitri Sheed,,Wood pigeon,pop punk,385,3,Topiclounge,Brazil
Cosmic Psychos: Blokes You Can Trust,Cilka Cars,4/30/2000,"Deer, savannah",grunge,414,4,Tagopia,Russia
Yu-Gi-Oh!: Bonds Beyond Time (Gekijouban Yuugiou: Chouyuugou! Jikuu o koeta kizuna),Dodie Godsell,7/3/2019,Striped hyena,pop punk,352,1,Wikibox,Vietnam
,Karita McQuirter,4/27/1995,"Snake, tiger",post punk,266,5,Agivu,Portugal
Vali,Pinchas Stiggles,8/22/1990,Galapagos dove,punk,337,7,Zoomzone,Lithuania
Flight of Fury,Jennica Buckeridge,6/12/2017,,hardcore,59,,Jabbersphere,China
"50 Worst Movies Ever Made, The",Silvana Lethieulier,7/17/1988,"Peccary, collared",pop punk,115,,Gabtype,Kuwait
Bloodsucking Pharaohs in Pittsburgh,,8/31/1993,"Rhinoceros, square-lipped",proto punk,70,,Trupe,China
7 Khoon Maaf,Bernete Jouaneton,4/28/2013,"Wallaby, dama",grunge,244,6,Leexo,Netherlands
"Devil's Rejects, The",Standford Manklow,,Red phalarope,post punk,335,1,Jabberstorm,China
Adventures of Kitty O'Day (Kitty O'Day Comes Through),Elset Mepsted,3/6/2012,White spoonbill,punk,158,1,Voomm,China
Crimes of Fashion,Regina Lippiett,,"Pigeon, wood",post punk,393,3,Snaptags,China
Subway,Nanette Breacher,4/29/2004,Ring-tailed possum,pop punk,246,7,,Cuba
,Jesus Cradduck,6/24/1986,Cape fox,punk,51,10,Twinte,Lesotho
I Will Fight No More Forever,Ellissa Kenwin,3/17/1977,Ovenbird,pop punk,229,,Dabvine,China
"Dungeonmaster, The",Korie Nockolds,2/6/1972,Frog (unidentified),hardcore,299,9,Devshare,Philippines
"Last House on the Left, The",Becca Ardy,12/10/2005,"Badger, honey",punk revival,396,1,,Indonesia
Trick,Annadiana Rowbrey,2/5/1989,"Gull, silver",punk revival,268,6,,
Patience (After Sebald),Frederique Trayhorn,,"Wallaby, red-necked",proto punk,73,,,United States
Army of Shadows (L'armée des ombres),Jaime Mattiello,10/5/2013,"Baboon, chacma",proto punk,190,,Rhycero,
Black Ice (Musta jää),Enid Sackett,9/10/1983,Asian water dragon,proto punk,160,,Reallinks,Russia
Manufactured Landscapes,Morley Hacun,4/13/1978,Lesser masked weaver,post punk,290,7,,France
Witness,Kipper Loftus,,,post punk,366,4,Twitterbeat,Philippines
Glen or Glenda,Paola Cadman,5/7/1974,"Deer, savannah",proto punk,40,7,Divavu,China
Drömkåken,Norrie Polino,10/24/2021,Brazilian otter,post punk,199,9,Mynte,Comoros
First Comes Love,Jillian Pollock,10/4/1974,Mara,pop punk,47,,Jabbercube,Poland
,Allie Casel,12/31/1980,"Raccoon, common",grunge,259,5,Yabox,Greece
Sin City,Kinny Mapes,10/22/1973,Greater blue-eared starling,punk revival,125,10,,China
Police Academy 3: Back in Training,Kelcy M'Quhan,3/19/1972,Swallow-tail gull,punk,282,,Quinu,China
Travels with My Aunt,Bette-ann Espada,,"Alligator, american",post punk,34,,,
"Man in the Iron Mask, The",Andrei Myall,6/20/2011,Black-tailed prairie dog,grunge,80,1,Oyonder,China
,Griz Shuxsmith,10/21/2004,Magellanic penguin,grunge,53,7,Flashset,Philippines
Goodbye Uncle Tom,Kylie Sipson,2/12/2014,,punk revival,199,,Voolith,Sweden
We Don't Live Here Anymore,Aubine Engeham,11/5/2020,African snake (unidentified),post punk,218,,Leexo,Portugal
Quest,Vi Pulbrook,4/21/2003,Guanaco,pop punk,322,,Twimbo,Ukraine
Bride of the Wind,Lucina Widdowson,10/25/1975,Sage grouse,hardcore,335,,Oyope,Sweden
My Wife Is a Gangster 2 (Jopog manura 2: Dolaon jeonseol),Nerta Worcs,3/3/2013,Gelada baboon,punk revival,98,7,,Indonesia
,Blaine Speare,,"Kingfisher, pied",post punk,102,,Youfeed,
Kickboxer 3: The Art of War (Kickboxer III: The Art of War),Raynard Behneke,10/29/2022,"Kingfisher, white-throated",hardcore,272,10,Centidel,Samoa
Our Daily Bread,Agnola Hagyard,,Sidewinder,proto punk,145,4,Yodel,
"Young Philadelphians, The",Fernandina Tesdale,1/24/2002,Red brocket,punk,193,2,Demizz,Greece
Russell Peters: The Green Card Tour - Live from the O2 Arena,Coletta Gurton,8/20/1998,Tawny frogmouth,grunge,246,6,Brainbox,China
,Adara Chasle,8/8/1985,Red phalarope,post punk,214,2,Ntags,Portugal
Lightning Bolt: The Power of Salad,Tabbie Callendar,8/13/1992,"Nighthawk, common",post punk,127,1,Yodel,Mexico
Gaudi Afternoon,Klaus Piotrowski,2/28/1988,Australian brush turkey,punk,66,3,Plambee,Portugal
"Uninvited, The",Fields MacAne,5/9/2007,Salmon pink bird eater tarantula,grunge,345,,Kanoodle,Spain
"Box, The",,6/15/1990,Collared peccary,grunge,95,1,Katz,Philippines
Born to Be Bad,Shaw Amsden,10/12/1983,Three-banded plover,hardcore,374,,Youfeed,Colombia
Float,Felicdad Whitcombe,,Japanese macaque,grunge,93,3,Skalith,Brazil
Performance,Beret Haydock,7/11/1993,"Siskin, yellow-rumped",pop punk,251,1,Aimbo,Indonesia
Champagne,Francene Johnys,4/16/1982,Elegant crested tinamou,pop punk,288,,Tagcat,Brazil
Stargate: The Ark of Truth,Elwyn Dunnan,3/1/2021,Glossy ibis,post punk,108,1,Divavu,Portugal
Who's That Girl?,Price Vannuchi,10/6/1970,Knob-nosed goose,punk revival,197,,Fanoodle,Philippines
"Last Emperor, The",Horatia Van Leeuwen,10/14/1991,Spur-winged goose,pop punk,116,,,Bosnia and Herzegovina
Diary of a Wimpy Kid: Rodrick Rules,Regine Waby,7/14/2022,Turkey vulture,post punk,337,,Devbug,Brazil
Scary or Die,,3/8/2012,"Baboon, chacma",hardcore,265,,,Botswana
,Alana Spottswood,9/17/2007,"Fox, blue",pop punk,130,,,Poland
"I Hate Mondays, (Nie lubie poniedzialku)",Cecilia Eppson,12/7/1971,,hardcore,250,7,Meemm,
The Hornet's Nest,Delmore Halle,3/5/2013,Arctic tern,hardcore,21,,Quire,Philippines
"Birth of a Nation, The",Birgit Clementi,2/7/2008,Brown pelican,grunge,309,10,,Serbia
The Paris Express,Cherey Plumptre,10/20/1993,Aardwolf,post punk,415,8,Buzzbean,China
Living Proof,Skipper Ciric,5/5/2011,Yellow-throated sandgrouse,punk revival,57,,Jaloo,Ukraine
Arabesque,Kalle Quartley,1/18/1977,Magellanic penguin,punk revival,183,4,Yakitri,Portugal
Montana,Ardella Thridgould,11/20/2010,Red-winged blackbird,proto punk,31,,Fiveclub,Philippines
Jamie Marks Is Dead,Anastassia Godrich,,"Lemur, ring-tailed",punk,365,7,Chatterbridge,Indonesia
,Manny Skentelbury,10/28/2014,Chacma baboon,pop punk,110,2,Vipe,Laos
Tora-san's Love Call (Otoko wa tsurai yo: Torajiro koiuta),Joell Dumphrey,10/17/1996,"Hartebeest, red",proto punk,339,7,Pixonyx,Mongolia
Snoopy Come Home,Kerry Friedank,,Suricate,hardcore,111,2,,China
Takedown: The DNA of GSP,Cordie Colleymore,,Southern sea lion,pop punk,405,,Pixope,Chile
Gardens of the Night,Kaspar Muris,2/7/1980,"Otter, cape clawless",punk revival,96,7,Eazzy,Brazil
I Love You Too,Thibaud Lorente,10/18/2021,Slender-billed cockatoo,hardcore,108,8,Blogpad,China
Big Night,Hesther Joerning,12/31/1972,"Baboon, gelada",pop punk,197,,Rooxo,China
Shepherd,Lin Merrifield,2/28/1990,Pronghorn,grunge,276,5,Brainlounge,China
Before I Self Destruct,Mabelle Bortol,8/5/2008,Brush-tailed phascogale,hardcore,200,9,Realblab,
Labyrinth,Ange Brickdale,7/21/1999,"Lemur, grey mouse",punk revival,116,5,Aivee,Cuba
Colors,Debbie Dulake,7/22/1995,American woodcock,pop punk,106,,Minyx,China
American Revolutionary: The Evolution of Grace Lee Boggs,Sloane Gatling,8/22/1986,Mara,proto punk,191,,Tekfly,Philippines
2AM: The Smiling Man,Dodi Courtes,4/4/2003,"Camel, dromedary",pop punk,399,2,Wikivu,China
"Fight, Zatoichi, Fight (Zatôichi kesshô-tabi) (Zatôichi 8)",Josee Greste,,"Squirrel, african bush",proto punk,305,,,China
,Alexandra Laister,,Brolga crane,post punk,389,6,,Indonesia
Divorcing Jack,Anabelle St Quenin,10/2/2018,Horned puffin,proto punk,252,7,Jabbercube,China
"Inbetweeners Movie, The",Goober Boak,11/6/1990,Gerenuk,post punk,394,2,Meetz,France
Wind Chill,Christabel Popplewell,11/18/1970,Black-eyed bulbul,proto punk,202,,Photojam,China
Last Train from Gun Hill,Lyda Hamblen,,"Dolphin, common",punk revival,120,,Blogpad,Indonesia
Major Movie Star,Maiga Goater,11/8/1978,North American beaver,pop punk,234,9,Photobean,Burkina Faso
Hotel Very Welcome,Vyky Jerman,1/15/1971,"Antelope, four-horned",hardcore,185,9,Zazio,Indonesia
Loser Takes All! (Qui perd gagne !),Cord Sallarie,2/19/1973,Swallow-tail gull,post punk,218,9,,Brazil
"Confession, The (L'aveu)",Ivan Duffield,10/16/1998,Musk ox,punk,388,9,Gigaclub,Rwanda
Palermo Shooting,Babb Catherall,4/9/1973,"Fox, asian red",hardcore,260,,Skiba,
"Secret in Their Eyes, The (El secreto de sus ojos)",Francesco Osmund,2/26/1983,White stork,pop punk,325,,Kazu,Brazil
You and Me,Sven Von Hindenburg,5/18/2000,"Pintail, bahama",hardcore,81,1,Linktype,China
"My Father the Hero (Mon père, ce héros.)",Elvera Van Der Vlies,6/27/1973,,punk revival,348,1,Rhycero,Portugal
"Battle of the Sexes, The",Caprice Flatley,12/14/1983,"Zebra, common",punk,197,9,Twitternation,Thailand
Primary,,8/22/2015,"Dragon, asian water",proto punk,211,,Skinte,
"Smiling Lieutenant, The",Louie Skokoe,,Red kangaroo,proto punk,287,,Yata,China
Blind (Beul-la-in-deu),Melania McCotter,3/2/1999,,punk revival,350,,Brainlounge,Bulgaria
"Colonel Chabert, Le",Eric Lymer,7/11/2003,Cattle egret,post punk,54,8,Kaymbo,China
,,9/19/2004,"Monkey, rhesus",proto punk,176,5,Nlounge,China
The Mad Magician,Melosa Brownstein,9/2/1994,,post punk,282,,Dabjam,Benin
Guardian Angel,Lucie Dicte,8/25/2000,Eastern white pelican,proto punk,231,9,Yodel,Canada
M. Butterfly,Markus Cuttler,3/18/1991,Collared lizard,punk revival,335,,Meembee,
,Sonia Sigg,4/24/1982,"Finch, common melba",pop punk,60,9,Skaboo,South Korea
"Painting Sellers, The (Taulukauppiaat)",Graeme Youtead,3/23/2009,Downy woodpecker,post punk,403,6,,Venezuela
"Kingdom, The (Riget)",Ralph Killigrew,3/9/2018,Collared peccary,grunge,167,,Skimia,Poland
Driven,Garv Presidey,,,punk,233,1,Oyondu,Iran
Winter Break,Teddie Schwander,,Waved albatross,hardcore,263,7,Dabtype,Russia
When You're Strange,Hobart Avrahamov,10/12/2004,Grison,proto punk,228,3,Realmix,South Africa
On a Clear Day You Can See Forever,Alexis Bambra,12/1/1996,"Wagtail, african pied",grunge,389,,Yata,China
"American Rhapsody, An",Julee Batting,11/28/1974,Asian lion,punk revival,150,,Brightbean,Portugal
"Disappearance of Eleanor Rigby: Them, The",Maura Solan,9/16/2015,"Bison, american",punk,271,5,Edgepulse,Russia
"The Tree, the Mayor and the Mediatheque",Romona Stickens,11/25/2011,Common melba finch,punk revival,97,,,South Korea
Land of the Lost,Perice Frudd,8/13/1976,White-rumped vulture,proto punk,393,7,Topicshots,
Pleasures of the Flesh (Etsuraku),Rees Feldberg,2/4/1997,South American puma,hardcore,233,6,Voolia,Mongolia
,Christan Ranns,,Common rhea,hardcore,185,,,Zambia
Killer Crocodile,,5/7/2017,Little heron,grunge,219,,,Portugal
"Hitch-Hiker, The",Bailie Arrault,6/17/1994,"Rattlesnake, horned",punk,193,,Topicblab,Israel
The Forgotten Faces,Clementia Furphy,3/29/1980,Ring-tailed coatimundi,proto punk,356,2,Yakijo,Czech Republic
"Cookout, The",Shandee Outhwaite,,"Seal, harbor",post punk,161,,Quatz,Portugal
"Autumn Afternoon, An (Sanma no aji)",Franklin Mallya,1/10/1988,Racer snake,grunge,91,,Rhycero,
"I Was Born, But... (a.k.a. Children of Tokyo) (Otona no miru ehon - Umarete wa mita keredo)",Starla Joust,6/28/2012,"Monitor, white-throated",pop punk,113,4,,Finland
Moscow Clad in Snow (Moscou sous la neige) ,Arin Behnen,1/16/2013,Arctic tern,grunge,274,,Fatz,Nigeria
"Crazy, Stupid, Love.",,8/16/1980,Long-crested hawk eagle,punk,408,,Kimia,Indonesia
Top Gun,Silas Pallasch,2/21/2018,,hardcore,142,9,Yamia,China
Charleston,Kali Lovie,2/2/1976,Canadian tiger swallowtail butterfly,pop punk,56,,Latz,Russia
Resurrection of the Little Match Girl (Sungnyangpali sonyeoui jaerim),Rouvin Pesticcio,,Genoveva,post punk,333,,Edgewire,Barbados
,Darbee Swatradge,12/30/2012,Rhesus macaque,proto punk,225,2,Jabberstorm,Nigeria
Men of Means,Ebony Serraillier,9/20/1997,"Otter, african clawless",hardcore,72,,Flipbug,
Finding Bliss,Elspeth Leonards,,"Cat, civet",pop punk,301,6,Oyoba,China
90 Minutes (90 minutter),Rosella Smithies,4/13/1987,"Hartebeest, red",grunge,137,,Devshare,
"Diary of a Chambermaid, The",Karie Cuming,10/5/1989,"Deer, black-tailed",proto punk,71,4,Myworks,Indonesia
Bloody Angels (1732 Høtten: Marerittet har et postnummer),Noelani Pashe,11/27/2012,"Bird, red-billed tropic",post punk,419,6,Lazzy,China
"Great Ecstasy of Woodcarver Steiner, The (Große Ekstase des Bildschnitzers Steiner, Die)",Heinrick Favelle,,Lesser double-collared sunbird,proto punk,345,9,Omba,Iran
David Cross: Bigger & Blackerer,Palm Franken,12/26/1984,"Zorro, common",post punk,125,,Trilith,Thailand
Kevin Hart: Let Me Explain,Lisbeth Hatfield,3/27/2019,"Dove, mourning collared",proto punk,138,2,Abata,Mongolia
Because You're Mine,Elwyn Durward,12/23/1986,Common raccoon,punk revival,101,9,Yata,Greece
Americano,Meir Sprason,,Bat-eared fox,proto punk,83,9,Ainyx,Czech Republic
Pride,,12/23/1978,"Flicker, campo",punk,150,1,,Thailand
"Unholy Rollers, The",Sigfrid Stoney,,Flightless cormorant,punk,332,,Topiczoom,Kazakhstan
Dragon Ball GT: A Hero's Legacy (Doragon bôru GT: Gokû gaiden! Yûki no akashi wa sû-shin-chû),,4/12/2004,"Moorhen, purple",punk,291,1,Eidel,Finland
"Promise, The (Wu ji)",Ailey Lettson,5/3/1988,"Kangaroo, black-faced",hardcore,288,5,Wikibox,Poland
Hellgate,Devinne Rickford,12/14/2013,Giant girdled lizard,pop punk,285,,Kwinu,Russia
Animal,Lindie Scone,1/27/1983,Dabchick,proto punk,381,1,,Mexico
À l'aventure,Cathyleen Drohane,6/19/1999,"Booby, blue-footed",proto punk,298,,Divavu,Indonesia
Chill Out! (Descongélate!),Lorin Burghall,2/26/1993,Great skua,punk,412,,Skyble,
"Scarlet Pimpernel, The",Simeon Sheed,2/21/2013,Suricate,hardcore,230,3,Eamia,
Concrete Night (Betoniyö),Amandi Cleall,,"Legaan, Monitor (unidentified)",pop punk,166,3,Linktype,Afghanistan
Physical Evidence,Alleyn Lavigne,3/7/2008,Gila monster,hardcore,418,,Topiclounge,China
Bounty Hunters (Bail Enforcers),Averil Creelman,,"Lemming, collared",grunge,375,7,Mynte,Indonesia
"Woman in The Septic Tank, The (Ang Babae sa septic tank)",,7/11/2012,,punk revival,51,,Digitube,
Crank,,11/28/1976,"Phalarope, northern",proto punk,193,4,Photobug,Brazil
Fly Away Home,Pernell Endacott,11/17/2006,Malay squirrel (unidentified),hardcore,212,10,Tagopia,Philippines
"Taxing Woman, A (Marusa no onna)",Devonne Coleiro,5/22/1975,Cougar,punk revival,407,,Fivechat,Portugal
Daydream Nation,Sabina Linnock,,Little blue penguin,punk revival,29,,Tagfeed,
"Gold of Naples, The (L'oro di Napoli)",Matias Calrow,6/23/1992,"White-eye, pale",hardcore,77,9,Topicshots,China
Dead Man on Campus,Forster Snodin,3/8/1996,"Creeper, black-tailed tree",punk revival,347,3,Quinu,Poland
"Blood, Sweat + Vinyl: DIY in the 21st Century",Thibaud Chipp,4/19/2009,"Bunting, crested",punk,62,3,Topiclounge,Philippines
Windows,,9/6/2014,"Pie, rufous tree",post punk,311,10,Topicstorm,Paraguay
"Alley Cats, The",Aimil Garbutt,7/31/2020,Greater roadrunner,hardcore,155,,Edgeclub,Colombia
Vengeance (Fuk sau),Perl Summersett,,"Stork, openbill",hardcore,294,8,Wikizz,
Poison Ivy,,8/18/2022,"Mockingbird, galapagos",grunge,268,2,Zoozzy,Brazil
Breakfast on Pluto,Agathe McEvoy,,"Constrictor, eastern boa",post punk,327,1,Tagtune,Italy
3 Ninjas,Elmira Mackstead,2/8/2009,Chacma baboon,hardcore,290,,,Thailand
Will Success Spoil Rock Hunter?,Angy Hinzer,6/24/2002,"Monitor, white-throated",proto punk,268,6,,China
"Journey, The",Padraic Petroselli,8/18/1996,Western spotted skunk,punk,221,,Yombu,
,,11/3/1972,Mandras tree shrew,proto punk,408,,Shufflebeat,South Africa
Double Confession,Melvin Mowday,2/7/2008,"Waxbill, violet-eared",grunge,396,1,Riffpedia,Japan
Forty Shades of Blue,Billy Braisher,8/31/1999,,post punk,307,8,,China
Foxy Brown,Caterina Sydney,10/3/1971,Emu,grunge,285,10,Dynazzy,Bulgaria
How the Grinch Stole Christmas!,Ludovico Demchen,,"Baboon, olive",punk,117,,,
Stuart Little 3: Call of the Wild,Anthe Solomonides,12/23/1981,Miner's cat,pop punk,157,,Camido,
V2: Dead Angel (Vares 2 - Jäätynyt Enkeli),Myranda Frawley,5/12/1982,Suricate,hardcore,93,8,Avavee,Spain
Ganes,Gregory McKague,7/31/1981,Osprey,punk revival,387,8,Rhyloo,Eritrea
Maze,Arly Chyuerton,,"Baboon, savanna",proto punk,24,,Jaxworks,China
City of God (Cidade de Deus),Phip Carhart,12/15/1988,"Alligator, mississippi",post punk,105,1,Wordtune,Russia
The White Sister,Robinson Baumer,10/3/1989,"Rabbit, eastern cottontail",grunge,273,3,Twitterbridge,El Salvador
Third Star,Ninette MacAulay,3/2/2009,Greater kudu,pop punk,278,,Twimm,Indonesia
Dust to Glory,Jervis Butter,12/26/1985,"Tern, arctic",proto punk,286,,Meedoo,China
"Bothersome Man, The (Brysomme mannen, Den)",Ivett Clayden,4/5/1994,"Heron, giant",pop punk,320,,Voonix,China
Butterflies Have No Memories,Osbourne Alcott,,Red-winged blackbird,pop punk,51,1,Linkbuzz,
Elvis and Me,Dee dee Crotty,10/6/1999,Red-winged hawk (unidentified),pop punk,210,1,Skaboo,Syria
"Last Casino, The",Leighton Minty,8/30/1995,"Butterfly, canadian tiger swallowtail",post punk,252,,Flashpoint,Indonesia
"Turtle's Tale: Sammy's Adventures, A",,12/28/1988,"Genet, common",proto punk,235,,Twitterworks,Indonesia
"Brothers Grimm, The",Issiah Mertgen,,"Zorro, azara's",punk,215,,Meejo,United States
"Hand, The (Ruka)",Kyrstin Millis,7/1/2003,"Dragon, netted rock",grunge,102,,Skajo,Colombia
Dressed to Kill,Jenna Covendon,8/20/2006,Columbian rainbow boa,grunge,242,,Browsebug,
Rise of the Zombies,,,Greater flamingo,punk revival,91,,Abatz,Poland
Puppetry of the Penis: Live at the Forum (Puppetry of the Penis: The Ancient Art of Genital Origami),Kaiser Tocknell,8/7/2009,Crab (unidentified),proto punk,286,8,,Russia
Welcome to Mooseport,Robinett Bartos,12/19/1977,Magellanic penguin,punk,186,8,Riffpath,China
Putin's Kiss,Evelin Udie,11/16/1992,"Stork, white",punk revival,73,,Yabox,China
,Analise Schultze,3/2/2001,Black-tailed prairie dog,grunge,71,7,,China
Housesitter,Lilith Springtorp,6/8/1999,"Brocket, red",punk,292,3,Topicstorm,Bosnia and Herzegovina
A Viking Saga: The Darkest Day,Alyse Leavens,5/8/2005,"Skink, blue-tongued",pop punk,216,,Bluejam,
"Net, The",Ancell Horrell,,Ferruginous hawk,punk,378,9,Meeveo,
"Bonaerense, El",Theresa Comberbeach,7/5/2018,,punk,61,6,BlogXS,Russia
Carry On... Up the Khyber,Parsifal Kach,12/20/1989,Pampa gray fox,grunge,105,,Eayo,Russia
,Gerhard Sirett,12/16/2019,"Deer, mule",grunge,368,3,Dynava,Argentina
Red Riding Hood,Ashil Rippingall,3/16/2020,Downy woodpecker,punk,356,,,Portugal
Adam Resurrected,Caesar Annetts,,Prairie falcon,grunge,269,10,Edgetag,Republic of the Congo
"Inconvenient Tax, An",Suzann Grunder,8/27/1991,"Tinamou, elegant crested",hardcore,409,4,,Russia
Huhwihaji Anha (No Regret),Curt Drains,11/20/2006,"Grenadier, common",grunge,374,,Tavu,Laos
Tout ce qui brille,Tine Ivantsov,1/2/2006,Red deer,hardcore,93,10,Yodel,Belarus
Divorce - Italian Style (Divorzio all'italiana),Sterne Klagge,1/11/2022,Wild boar,proto punk,103,,Voonyx,Poland
Way... Way Out,Brigid Dyerson,7/25/2014,"Opossum, american virginia",post punk,270,,Vidoo,China
"Perfect Circle, The (Savrseni krug)",Kirbie Voss,6/26/1991,Baleen whale,proto punk,331,,,Vietnam
Anything Goes,Ulrica Glyne,11/28/1983,Ground legaan,grunge,386,,,Philippines
"Fountainhead, The",Zed O'Gormley,6/20/2012,"Whale, long-finned pilot",hardcore,106,2,Kwinu,Peru
Race,Chet Wallworke,12/26/2002,"Toucan, red-billed",punk,81,7,,Philippines
Beverly Hills Cop III,,10/18/2009,"Vulture, bengal",punk,48,,Roodel,Indonesia
Carmen,,,Tyrant flycatcher,post punk,131,,Voonix,Bosnia and Herzegovina
"Great Locomotive Chase, The",Quint Dyet,8/9/1980,"Stork, jabiru",proto punk,368,10,,Philippines
Flatfoot on the Nile (Piedone d'Egitto),Marlee Jeannet,,Royal tern,proto punk,395,5,,Sierra Leone
"Clink of Ice, The (a.k.a.: Sound of Ice Cubes, The) (Le bruit des glaçons)",Ilysa Trounson,6/2/2004,Great kiskadee,punk revival,315,3,Meeveo,Brazil
Dirty Dancing: Havana Nights,Kristen Simenon,8/5/2007,,post punk,408,6,,Albania
"Left-Hand Side of the Fridge, The (Moitié gauche du frigo, La)",Aron Snodin,,"Stork, white",punk,303,2,Fivespan,Indonesia
Recess: School's Out,Berk Menichelli,,Crab-eating raccoon,grunge,220,7,Jaloo,Mongolia
Cargo,Chaddie Goundrill,11/18/1995,"Monkey, vervet",proto punk,380,5,LiveZ,Czech Republic
Curse of the Oily Man (Sumpah orang minyak) ,,10/22/1998,Grey mouse lemur,pop punk,110,,Talane,Chile
Flight,Loretta Winscomb,5/18/2003,"Vulture, lappet-faced",grunge,22,,Fiveclub,Sweden
Faithful,Roby Becerra,,"Jackal, golden",grunge,383,2,,Japan
Ferris Bueller's Day Off,Galen McIlheran,8/28/2001,Squirrel glider,proto punk,47,,Demimbu,Sweden
I Start Counting,Brandice Tidgewell,12/27/1986,"Squirrel, malabar",pop punk,230,5,,Poland
"Defiant Ones, The",Wash Kibble,,,grunge,128,,Ozu,Russia
"Battle of the Rails, The (La bataille du rail)",Nedda Ziemke,9/20/1977,,post punk,414,,,Kyrgyzstan
Zelig,Bobine Greathead,5/4/2013,Brown and yellow marshbird,punk revival,388,4,Rhynoodle,Ethiopia
Consuming Spirits,Ileane Hacon,3/18/2001,"Eagle, bateleur",post punk,90,6,Skippad,France
"Spanish Main, The",Del Grinley,8/25/1997,"Hyena, striped",post punk,72,4,Voomm,Indonesia
"Battle of China, The (Why We Fight, 6)",Mitchael Ebertz,4/13/1998,,pop punk,171,,Tekfly,
Cold Storage,Malcolm Vasilic,5/18/1987,Guanaco,post punk,236,3,Photobean,China
In Bloom (Grzeli nateli dgeebi),Kylie Newis,4/14/1977,"Colobus, black and white",punk revival,419,,Wordware,Niger
Russell Peters: Outsourced,,6/27/1971,Gambel's quail,punk revival,386,7,Feedbug,China
"5th Musketeer, The (a.k.a. Fifth Musketeer, The)",Shaina Ensley,5/1/1996,"Pigeon, wood",hardcore,388,2,Browsedrive,
Corto Maltese in Siberia (Corto Maltese - La cour secrète des Arcanes),Hamil LLelweln,3/6/1992,Frilled lizard,proto punk,305,2,Gabcube,Indonesia
Barbarian Queen II: The Empress Strikes Back,Efren St. Leger,3/20/2009,,punk revival,335,,,Colombia
Under the Stars (Bajo las estrellas),Elsworth Bass,9/8/2017,Caribou,punk revival,107,,,Sweden
Fresh,Lorna McIlvoray,4/6/2000,,proto punk,86,2,Skimia,Philippines
The (Dead Mothers) Club,Emmerich Codner,7/31/2010,"Stork, greater adjutant",punk,23,,Eare,France
Clint Eastwood: Out of the Shadows,Damian Dommerque,4/17/2002,White-nosed coatimundi,pop punk,51,,Devbug,Philippines
"Las Vegas Story, The",Valentina Lindstrom,7/17/2003,"Nuthatch, red-breasted",punk revival,291,,Blogspan,
Everlasting Moments (Maria Larssons eviga ögonblick),Elisa Sherland,12/8/1984,,punk,55,,Quimba,Colombia
Die Weihnachtsklempner,Kissie Drust,12/9/1971,"Pheasant, common",grunge,224,6,Flipopia,Brazil
Tie Xi Qu: West of the Tracks (Tiexi qu),Tandie Yokel,,"Seal, northern elephant",post punk,79,9,Yabox,Malaysia
18 Again!,Ignace Henrique,,Grizzly bear,proto punk,186,3,Dazzlesphere,Greece
Following Sean,Keven Bottlestone,2/21/1982,Swamp deer,hardcore,414,5,Feednation,South Africa
Lure of the Sila,Edeline Mart,4/21/1974,Burchell's gonolek,grunge,33,5,Dynabox,United States
Hud,Kylynn Hanrott,4/22/1993,Galapagos mockingbird,hardcore,128,1,Plajo,Brazil
"Inn in Tokyo, An (Tôkyô no yado)",,11/23/2009,"Cat, native",grunge,206,9,,Ireland
Bowfinger,Deloria Cone,5/2/1997,Crab-eating raccoon,proto punk,385,,Quaxo,France
"Good Day to Die Hard, A",Leelah Oxtaby,1/5/2001,Ring-tailed lemur,pop punk,318,,Bluezoom,China
"Year One, The (L'an 01)",Kip Elce,11/28/2005,Bontebok,punk,206,7,Meembee,Indonesia
Thunderball,Gayel Berry,9/20/2012,"Zorro, azara's",grunge,22,10,,
Dots,Wernher Murfin,6/25/1983,"Sheep, red",punk,266,1,Trudeo,Ukraine
East Palace West Palace (Dong gong xi gong),Penny Hodgets,,Bottle-nose dolphin,proto punk,208,8,Skimia,Indonesia
We Are Legion: The Story of the Hacktivists,Minny Callington,9/24/2005,Ant (unidentified),grunge,392,2,Zoonder,Sierra Leone
,Ailee Mulbery,11/1/1980,"Ferret, black-footed",punk revival,372,8,,Indonesia
Murder on Monday,Kellia Armal,7/24/1982,"Admiral, indian red",pop punk,308,,Aimbu,Philippines
Zatoichi's Vengeance (Zatôichi no uta ga kikoeru) (Zatôichi 13),Sonny Harcase,4/20/2018,"Kangaroo, western grey",proto punk,356,,Mynte,United States
"Affair of the Heart, An",Jinny Akenhead,10/23/2020,"Phalarope, northern",hardcore,296,,Photolist,China
Cooperstown,,,Platypus,proto punk,168,7,Bluezoom,China
Late Phases,Eugenio Burde,5/8/1978,"Monitor, water",hardcore,45,,Muxo,Indonesia
Tuulikaappimaa,Corrie Mathou,6/20/1999,"Spoonbill, european",post punk,411,,Voonyx,Czech Republic
Talking Funny,Ossie Gabby,8/15/2004,"Duck, white-faced whistling",punk,386,5,Riffwire,China
"Solid Gold Cadillac, The",,,"Mongoose, yellow",proto punk,365,7,Devshare,Philippines
Confessions from a Holiday Camp,Gerik Lenchenko,8/28/2019,Blue and gold macaw,punk revival,188,8,,Poland
American Pastime,Lotti Pollitt,8/16/1996,"Goose, egyptian",hardcore,119,7,Gigaclub,Uganda
He Loves Me... He Loves Me Not (À la folie... pas du tout),Rogers Garrard,9/18/2013,Margay,punk,128,,Yombu,China
César,Christoforo Hambric,6/6/2021,Collared lemming,hardcore,164,,Snaptags,Kyrgyzstan
Lan Yu,Martin Kelleher,3/3/1974,"Colobus, magistrate black",hardcore,48,,Riffpedia,Philippines
On a marché sur Bangkok,Enriqueta Bensusan,,"Jackal, silver-backed",proto punk,230,9,Flashset,Serbia
,Jeannette Ballantine,4/20/1994,Dingo,pop punk,119,2,Gabvine,
Limbo,Lilas Rehm,9/16/2021,"Bee-eater, carmine",punk,354,,Vinte,Vietnam
Black Rainbow,Joshuah Farraway,3/8/2009,"Badger, eurasian",pop punk,357,4,Devpoint,Sweden
Company of Heroes,Charo MacRory,6/20/1990,"Bird, bare-faced go away",punk revival,44,5,Zava,
Real Fiction (Shilje sanghwang),Nara Litherland,11/26/2007,"Deer, savannah",hardcore,303,9,Twitterworks,Malaysia
"Fall of the House of Usher, The (chute de la maison Usher, La)",Duane Gladbach,3/3/1998,"Wallaby, tammar",hardcore,408,6,Yakijo,China
Eggs,Jedd Stranieri,3/22/2019,Western pygmy possum,pop punk,109,,Rhynyx,Panama
Men of War,Izabel Boriston,8/19/1989,"Roadrunner, greater",pop punk,330,2,,Tunisia
Música Campesina (Country Music),Damien Bown,8/1/2009,American bison,proto punk,124,7,InnoZ,
What the Day Owes the Night,Hilda Surgenor,,"Sungazer, yellow-brown",post punk,278,,,Norway
Frank,Jules Jakab,5/5/1980,Python (unidentified),hardcore,357,7,Thoughtbeat,Dominican Republic
Motorama,,,Blackbuck,post punk,332,6,Trilia,United Kingdom
Story of a Prostitute (Shunpu den),Cal Pinching,8/5/1999,"Stork, black-necked",punk revival,133,3,Tagfeed,Israel
The Happy Road,Fergus Schutte,6/21/1983,Black-backed magpie,proto punk,297,7,Jaxnation,Morocco
Kestrel's Eye (Falkens öga),Roderigo Butte,4/19/2014,"Dolphin, common",punk,194,2,Innojam,France
"Desperados, The",Vallie Dovington,,Rock dove,grunge,265,,Abata,China
So I Married an Axe Murderer,Haywood Barnhart,12/10/2010,Caracal,hardcore,43,7,Agivu,
Rhino Season (Fasle kargadan) ,Anya Bank,6/23/1988,Stick insect,punk revival,32,3,,Thailand
Somewhere in the City,Wallie Antoniades,,"Dik, kirk's dik",grunge,189,10,Blogtag,Zambia
"Jericho Mile, The",Silvie Burel,10/11/2007,"Goldeneye, common",punk,399,,Kaymbo,Democratic Republic of the Congo
"Loved One, The",Danette Moehle,,"Grouse, sage",post punk,262,,Camido,Russia
S.P.L.: Kill Zone (Saat po long),Tymon Minero,6/30/1995,"Brocket, brown",pop punk,76,,,China
Naked Fear,Cassandry Dudek,,"Legaan, ground",punk,239,1,,Venezuela
Godzilla 2000 (Gojira ni-sen mireniamu),Crichton Chaffer,11/1/2001,,post punk,309,,Thoughtblab,United States
Gorilla at Large,Lorne Treadway,6/6/1983,Black-tailed deer,punk revival,297,4,Jatri,Indonesia
Shallow Hal,Mayer Jiru,,"Gazer, sun",grunge,82,10,Realbridge,Netherlands
El Lobo,Abdul Espada,8/26/1971,"Marshbird, brown and yellow",grunge,109,,Dynava,Austria
London to Brighton,,12/11/1986,Crested barbet,hardcore,358,,Mybuzz,China
With Friends Like These...,Oneida Mohamed,3/20/2000,Steenbok,pop punk,345,4,,China
"Business of Fancydancing, The",Star Roz,7/1/1972,Painted stork,punk revival,57,,Viva,
Down to the Sea in Ships,Sonya Copcutt,9/9/1991,"Dog, african wild",post punk,164,8,Quaxo,
Riding Giants,Colly Skillett,3/30/1978,Goliath heron,post punk,195,2,Eimbee,
American Dreams in China,Annette Bairnsfather,6/28/2004,Rhesus monkey,punk revival,244,,Devshare,Palau
"Shoot First, Die Later",,4/25/1993,,hardcore,219,2,Shufflebeat,Netherlands
The Ghosts in Our Machine,Shannon Ellams,12/31/2005,"Tortoise, galapagos",post punk,320,8,Bubblemix,Philippines
Tunnel Rats (1968 Tunnel Rats),Dannye Alty,6/22/1990,Bontebok,proto punk,43,,Zoonoodle,China
Gun Shy,Karole Margetson,5/15/1978,"Eland, common",grunge,168,,Realcube,Kenya
"Asthenic Syndrome, The (Astenicheskiy sindrom)",Staffard Hendrichs,2/15/1996,,proto punk,185,2,Layo,Poland
Pauline at the Beach (Pauline à la Plage),Jean Woodley,,Genoveva,post punk,406,2,Shuffledrive,
Black Dynamite,Durant Cartan,12/12/1975,Blue-breasted cordon bleu,punk revival,40,3,Yombu,
My Brother the Terrorist,Kirby Holywell,6/27/2017,Green-backed heron,punk,57,3,Cogibox,Armenia
Stripes,Bev Scarf,,,grunge,158,,Leexo,Italy
Two Years at Sea,Lula Willavoys,4/12/2018,"Albatross, galapagos",proto punk,349,9,Zava,
How the Myth Was Made: A Study of Robert Flaherty's Man of Aran,,8/19/2001,White-throated monitor,grunge,107,,Mydo,Armenia
Strawberry Wine,Brier Thoma,10/27/2004,Gray langur,punk revival,186,10,Flipbug,Philippines
Black Moon,Alyda Beininck,8/14/1994,"Fox, pampa gray",punk,52,,Twitterbridge,Russia
Flags of Our Fathers,Irita Darbishire,9/20/1983,"Pie, indian tree",hardcore,295,,,Brazil
Waiting for Forever,Janos Beard,9/10/2001,Puku,proto punk,63,,Meejo,
Gore Vidal: The United States of Amnesia,Ellery Mingotti,,Ant (unidentified),pop punk,236,6,,North Korea
Block Party (a.k.a. Dave Chappelle's Block Party),Debee Meron,11/21/1972,Rose-ringed parakeet,punk revival,180,6,,
Fear Strikes Out,Lilly Mulcahy,,"Waxbill, black-cheeked",punk,128,10,,Indonesia
"Cheyenne Social Club, The",,4/9/2021,Yellow-bellied marmot,hardcore,176,,Youspan,Indonesia
"Rum Diary, The",Nani Pumphrey,7/2/1976,Eastern diamondback rattlesnake,punk revival,363,9,Flashpoint,
"Dead Next Door, The",Dorolisa Cheatle,11/7/2006,African snake (unidentified),hardcore,169,7,Livepath,China
Redemption: The Stan Tookie Williams Story,,,"Squirrel, african bush",punk revival,63,5,Gigaclub,Brazil
Little Children,Alessandro Woodrooffe,12/24/2006,Levaillant's barbet,pop punk,171,,,Indonesia
"Dead Pit, The",Odey Rodders,,"Spoonbill, white",grunge,262,1,,
Poor White Trash,Mikael Andell,9/4/1987,"Flamingo, lesser",hardcore,272,,Digitube,
Red Obession,Durant Izkovitch,12/31/2007,"Shelduck, common",pop punk,138,,Geba,
"Power of One, The",Brittne Bampfield,,Two-toed tree sloth,post punk,414,7,Leexo,Brazil
Spanish Fly,Ramsay Wiltshier,2/12/1976,Osprey,proto punk,341,8,Zoomcast,Russia
"Brice Man, The (Brice de Nice)",Tillie Stallion,3/15/1978,Honey badger,hardcore,217,4,,Brazil
"Unknown Soldier, The (Tuntematon sotilas)",Naoma Quarless,9/9/1979,Thomson's gazelle,proto punk,141,10,Eayo,Poland
Seance on a Wet Afternoon,Wade Scurrah,1/27/2002,"Deer, barasingha",grunge,405,,Trilith,Portugal
Remember the Day,Rich Niland,3/7/1984,"Oryx, beisa",grunge,232,10,,Brazil
MC5: Kick Out the Jams,Carlotta Pauletti,1/16/2003,Eastern indigo snake,grunge,326,5,Buzzbean,France
Gamera the Brave,Raff Vignaux,10/30/1971,Uinta ground squirrel,grunge,382,,Fadeo,Indonesia
"Gamers, The: Dorkness Rising",Lemuel Pearton,1/10/1985,Jungle cat,hardcore,184,,Trupe,Sweden
Something the Lord Made,Clarie Vereker,8/7/1972,"Mongoose, yellow",grunge,227,1,Geba,Philippines
Johnny Apollo,Siana Piatti,8/26/1996,Capybara,proto punk,232,,,United States
Mother Knows Best,Sara-ann Roj,5/29/2006,"Insect, stick",punk revival,125,,Ainyx,Czech Republic
Meet the Feebles,,9/22/1999,Frilled lizard,grunge,394,,Zoombox,China
"Piano Tuner of Earthquakes, The",Donelle Woolger,8/31/2013,"Gnu, brindled",grunge,65,4,Shuffledrive,
Q: The Winged Serpent,Gram Misken,10/29/1990,Waved albatross,proto punk,207,1,Roombo,Russia
Lovers & Leavers (Kuutamolla),Hanna Bolderstone,2/22/1978,Malay squirrel (unidentified),pop punk,357,,Riffwire,Russia
The Nativity,Maison Tripp,2/18/1990,Tasmanian devil,post punk,207,1,Riffwire,China
"Hip Hop Witch, Da",Andreana Emmott,3/17/1984,"Sandgrouse, yellow-throated",punk revival,182,5,Zoomcast,Montenegro
King Solomon's Mines,Tommy Grinyer,4/21/1975,"Siskin, pine",grunge,394,1,Browseblab,Brazil
Black Beauty,Cookie Kirkness,5/3/2011,White-faced tree rat,post punk,39,,Einti,Indonesia
At Any Second (In jeder Sekunde),Blythe Warwick,6/25/2012,Pine squirrel,pop punk,118,7,Browsecat,China
Krush Groove,Niall Boise,2/13/1984,"Eagle, tawny",punk,112,7,Izio,Russia
"King Is Dead!, The",Howey Kirkwood,9/28/1975,"Godwit, hudsonian",post punk,177,7,Viva,Indonesia
"Last of the Mohicans, The",Giles Putnam,4/10/2014,Kinkajou,hardcore,406,,Twitterbeat,Brazil
"Good Student, The (Mr. Gibb)",Garrett Torn,9/20/1995,"Monitor, two-banded",punk revival,37,4,Centimia,Ukraine
"Exploding Girl, The",Kelsey Konmann,1/27/2019,"Quail, gambel's",punk revival,315,6,Skipstorm,France
8th Wonderland,Melva MacCarter,,Red-tailed hawk,hardcore,151,,Gabspot,Guinea
Fuck Up,Gisela Hemmingway,1/2/2016,Asian lion,punk revival,98,,Photofeed,China
Ambush Trail,Fanchon Rampage,6/16/2008,"Crab, red lava",grunge,328,4,Kwideo,Brazil
Kawa,Thebault Cow,,"Lizard, mexican beaded",post punk,38,9,,China
Paan Singh Tomar,Ruthanne Plascott,11/13/1993,Madagascar fruit bat,proto punk,224,,,Peru
"Hot Chick, The",Stella Schnieder,3/10/2005,"Roller, lilac-breasted",post punk,83,6,Linkbuzz,
Double Take,Eveleen Tann,,"Cat, kaffir",hardcore,250,,Fivebridge,United States
,Emelina Reese,12/29/1983,Common wallaroo,pop punk,228,7,Edgeify,New Zealand
"Unreasonable Man, An",Arvin Crosland,,Paca,grunge,210,,Leexo,Canada
Persepolis,Daria Truwert,7/6/1984,Brush-tailed rat kangaroo,post punk,156,,Quimba,Greece
Claire Dolan,Gay O'Deoran,6/12/2013,Guanaco,proto punk,220,6,Chatterpoint,Japan
Philadelphia,Worden Pauel,,Common genet,proto punk,403,9,Gabcube,Peru
Sidewalls (Medianeras),Creight Scotting,12/29/2018,Pallas's fish eagle,proto punk,218,1,Trilia,Croatia
Masked & Anonymous,Anthea Bausmann,12/17/2015,Asiatic wild ass,punk,383,9,Voomm,
Trespass,Betsey Luchetti,,European beaver,grunge,36,1,,Thailand
"Silences of the Palace, The (Saimt el Qusur)",Monty Laval,12/27/2013,Pine snake (unidentified),hardcore,25,,Zooveo,China
Fast Life,Douglas Sandifer,7/13/2002,"Lemur, grey mouse",pop punk,247,,Blogtag,
You Are So Beautiful (Je vous trouve très beau),Dore Halsho,8/1/2002,"Fox, asian red",punk,178,4,Photojam,
I Love You Too (Ik ook Van Jou),Baudoin Lightfoot,1/20/1988,Snake-necked turtle,pop punk,284,6,,Indonesia
Beastly,Jyoti Benjefield,3/27/1983,"Wallaby, agile",punk,72,,Fivechat,Norway
Pawn,Kris Grills,12/4/2020,Eastern indigo snake,hardcore,161,,Feedspan,Thailand
Sun Don't Shine,Nelly MacAleese,3/12/1992,Blackish oystercatcher,hardcore,41,,Yombu,China
Ricky Rapper (Risto Räppääjä),Cobbie MacTerrelly,,"Goose, spur-winged",punk revival,357,,Browsebug,Greece
Son of Godzilla (Kaijûtô no kessen: Gojira no musuko),Charmion Goldring,7/31/2022,"Shrike, southern white-crowned",post punk,111,,Ntag,China
"Immigrant, The",Devondra Axten,2/24/1974,Musk ox,grunge,146,7,Brainsphere,Indonesia
Cool Air,Lizette Hallitt,1/10/2001,"Antelope, roan",grunge,88,,Demimbu,Philippines
Fiston,,12/19/1972,African elephant,pop punk,383,,Lazzy,India
Truly Human (Et rigtigt menneske),Marylin Elman,4/18/2001,"Shrike, crimson-breasted",post punk,325,8,Trunyx,China
Country Strong,Abel Lentsch,,"Sheathbill, snowy",proto punk,290,,Edgeify,China
Long John Silver,Nisse Gencke,,"Screamer, crested",punk revival,277,10,Dabjam,Indonesia
For Love of the Game,Annalee Aslie,5/21/2004,"Squirrel, malabar",grunge,386,2,Zoozzy,China
Safe in Hell,Kizzee Martinez,4/28/1996,"Nutcracker, clark's",proto punk,100,,,Russia
Trailer Park Boys: Countdown to Liquor Day,Maris McConaghy,1/2/1982,"Rattlesnake, dusky",post punk,158,9,Oodoo,China
Inseparable,Ware Primett,8/19/1991,Uinta ground squirrel,proto punk,388,,Zava,South Africa
Rob Roy,Evan Riditch,6/17/1991,"Bear, grizzly",punk,387,8,Skiba,China
Perched on a Tree (Sur un arbre perché),Bartolomeo Gooders,8/3/2007,European shelduck,hardcore,129,10,,Portugal
Heaven's Gate,Bjorn Demangeot,9/2/2015,,proto punk,319,5,Brainlounge,China
"Thomas Crown Affair, The",,,Common nighthawk,pop punk,27,,Quatz,
Ace Ventura: When Nature Calls,Gun Pittford,1/4/1974,"Wallaby, red-necked",hardcore,360,2,,France
"Brotherhood of the Wolf (Pacte des loups, Le)",Veda Robertet,4/20/2012,"Legaan, ground",hardcore,200,,Shuffletag,China
35 Up,Jesselyn Trimbey,1/8/2010,"Opossum, american virginia",punk revival,360,9,Meemm,Czech Republic
What Did the Lady Forget? (Shukujo wa nani o wasureta ka) ,Cori Shoemark,11/22/1993,Indian red admiral,hardcore,111,1,Centidel,
Once Upon a Crime...,Carlee Moseley,10/28/1987,Red hartebeest,post punk,58,,Photolist,Russia
Crimetime,Shoshana Lowbridge,9/22/1977,"Duck, white-faced whistling",grunge,231,3,Skimia,Ecuador
Black Sunday (La maschera del demonio),Brunhilde Randals,9/20/1995,Gerenuk,grunge,388,,Thoughtbridge,Kenya
Great Expectations,Cheslie Clement,6/13/2009,,pop punk,257,,Zoomzone,Lithuania
Born into Brothels,Rancell Wallsworth,,"Bandicoot, long-nosed",pop punk,402,,,Philippines
Day and Night (Le jour et la nuit),Georgy Dorie,3/30/2002,Roseat flamingo,post punk,162,3,Devify,Poland
Mishen (Target),Marilin Schruurs,12/4/1989,"Snake, carpet",proto punk,417,6,Dabtype,Thailand
Domino,Lotta Sandwick,1/9/2005,Hawk-headed parrot,punk,203,5,Vimbo,Colombia
"Big Clock, The",Agustin Cuttell,,Great skua,hardcore,318,,,China
Daria: Is It College Yet?,Dun Zanelli,,Jaguar,proto punk,325,,,Slovenia
Open Season,Gwynne Sharman,,"Rat, arboral spiny",hardcore,288,,Trupe,Yemen
Streamers,Maureen Raggatt,2/20/1996,"Crane, black-crowned",post punk,66,2,Thoughtsphere,Cuba
On the Line,Richy Camm,5/7/1996,"Tenrec, tailless",proto punk,78,6,Skimia,China
Glitter,Kare Di Iorio,8/12/2020,"Cormorant, great",punk revival,344,,Jabbercube,South Africa
Free the Nipple,Alis Dofty,7/11/1978,"Armadillo, common long-nosed",punk revival,330,,,Panama
"Killing Fields, The",Tatiana Dabnot,,Tiger cat,hardcore,402,,Izio,
Gigi,Gherardo Geaves,8/3/2019,"Deer, barasingha",punk revival,209,5,Wikido,Syria
Hansel & Gretel,Trudy Agdahl,1/14/1999,,pop punk,188,,Zoomdog,China
Dare,Phillie Poulglais,8/1/1996,Prehensile-tailed porcupine,punk revival,126,,Demimbu,Germany
"Swan and the Wanderer, The (Kulkuri ja joutsen)",Nevsa Genever,10/5/2008,Ringtail,proto punk,26,7,Dynazzy,Indonesia
Light Is Calling,,2/5/2018,"Hedgehog, south african",post punk,241,5,Feedfire,Japan
Princess Tam-Tam (Princesse Tam-Tam),Delora Decaze,2/10/2018,"Chipmunk, least",punk revival,33,,,China
Brutal Beauty: Tales of the Rose City Rollers,Salvatore Langwade,11/16/1983,"Armadillo, common long-nosed",proto punk,46,,Ntag,Argentina
Punksters & Youngsters (Punk - Tauti joka ei tapa),Sloane Gawkes,10/9/1983,"Raven, cape",post punk,249,2,,Honduras
Koran by Heart,Doti Darnell,6/5/1995,Aardwolf,hardcore,105,,Kwilith,Indonesia
,Franky Scarborough,3/19/1988,"Wallaby, bennett's",pop punk,39,9,Yozio,Indonesia
Recollections of the Yellow House (Recordações da Casa Amarela),,6/8/1997,"Polecat, african",hardcore,122,,Yakitri,Poland
i hate myself :),Chicky Lincey,2/13/1988,Neotropic cormorant,punk revival,217,7,Eare,Palestinian Territory
The Snow White Murder Case,Jerrylee Curson,,Bleeding heart monkey,hardcore,157,10,Rhynoodle,Syria
Loggerheads,Elton Tout,,"Monkey, vervet",post punk,280,,Photofeed,Lebanon
Port of Shadows (Quai des brumes),Zelma Winscom,5/15/1971,Tokay gecko,grunge,317,,Ozu,France
"Bachelor and the Bobby-Soxer, The",Lanie Petrelluzzi,8/12/2011,"Crane, sarus",pop punk,180,,,Albania
Reflections in a Golden Eye,Weidar Soppit,,"Tarantula, salmon pink bird eater",punk,35,,Gevee,Brazil
Highlander III: The Sorcerer (a.k.a. Highlander: The Final Dimension),Kissie Gilvary,12/17/2005,"Cockatoo, long-billed",punk,56,4,Kanoodle,China
"Brink's Job, The",Kira Scranedge,5/28/1991,"Dove, rock",punk revival,89,2,Omba,Ukraine
Black Sea,Valentine Winward,11/23/1988,"Cormorant, great",pop punk,22,,Dabtype,China
,Herrick McGilbon,11/14/2016,"Squirrel, smith's bush",punk,81,3,Devshare,Somalia
Salaam Namaste,Ronda Karlmann,10/10/1979,Dusky rattlesnake,proto punk,374,3,Devify,Indonesia
Kill Me Please,Ellary Braghini,4/7/1976,Indian mynah,proto punk,108,,Centizu,Greece
"Good German, The",Helli Schultz,1/4/2001,"Grouse, sage",grunge,262,1,Miboo,
"Small Change (Argent de poche, L')",Marten Dewdney,,Blesbok,punk,227,,,China
"Amour fou, L'",Doreen Muggleston,,Blue peacock,proto punk,58,,Oodoo,France
Snowmageddon,Zsa zsa Mounter,5/14/1977,Long-billed cockatoo,pop punk,88,,Cogidoo,
Fightville,Coral Dunhill,3/3/2004,"Pheasant, common",post punk,139,5,Realcube,China
I'm Gonna Git You Sucka,Angie Rolph,7/20/1995,"Rhinoceros, square-lipped",hardcore,218,,Tavu,New Caledonia
Fantomas vs. Scotland Yard,Xavier Smurfitt,11/5/1977,Cape white-eye,punk revival,354,,,Madagascar
"Man in the Moon, The",Byron Mikalski,,"Seal, northern elephant",post punk,278,,Eamia,France
Carrie,Cornela Reinisch,5/21/2020,Mountain lion,post punk,211,6,Cogibox,United Kingdom
Gunman's Walk ,Basia Garroch,9/20/2007,,punk revival,102,8,Ntag,China
,Diego Pringer,10/18/2004,"Bleu, red-cheeked cordon",post punk,334,6,Photolist,Indonesia
Grand Illusion (La grande illusion),Charlie Malloy,5/8/1996,Honey badger,pop punk,159,10,Kazio,Canada
Bridget Jones's Diary,,12/20/2019,Ovenbird,proto punk,300,,Yozio,Portugal
Shadow of the Thin Man,Giavani Roycroft,4/20/1999,"Penguin, fairy",punk revival,206,8,Eare,Philippines
Expecting a Miracle,Sasha Pelham,3/1/2004,Swainson's francolin,post punk,190,8,Avamm,Finland
Storefront Hitchcock,Ruddie Alejandri,11/30/1982,"Zorro, azara's",proto punk,128,10,,Nepal
So Ends Our Night,Dre Winnett,2/25/2019,Long-tailed skua,punk,369,3,Photospace,
Kurt & Courtney,Archambault Soigne,2/4/2005,Black-necked stork,punk revival,254,4,,
Micmacs (Micmacs à tire-larigot),Demeter MacParlan,9/7/2000,Southern sea lion,punk,38,4,,Lebanon
Three on a Match,,4/7/2000,Black-cheeked waxbill,punk revival,369,,InnoZ,France
Texas Terror,,8/1/2016,"Lemming, collared",grunge,405,,Flashpoint,Indonesia
Thirst (a.k.a. Three Strange Loves) (Törst),Jess Pinn,,Vine snake (unidentified),punk,98,,Yodo,Sweden
"Taira Clan Saga, The (Shin heike monogatari)",Wendeline Skillett,9/12/2020,Black-tailed deer,proto punk,349,,Mybuzz,Russia
Finding Nemo,Eilis Fuzzens,5/24/1995,"Hen, sage",punk revival,95,7,,United States
Hoodwinked Too! Hood vs. Evil,Andee Webbe,12/29/1995,Collared lizard,hardcore,205,,Quinu,China
"Thirst for Love, The (Ai no kawaki)",Hube De Vries,10/10/2014,Common goldeneye,punk,41,6,Skalith,Poland
Overlord,Fiona Fraczek,10/13/2002,,punk revival,97,,Blogspan,Philippines
Beauty Prize,Nert Fairburn,7/11/2013,"Squirrel, african bush",post punk,221,1,Eayo,
Jet Lag (Décalage horaire),Lennie Challin,1/23/1972,"Wagtail, african pied",grunge,220,,Leenti,
"Waiting Game, The",Querida Topham,,Tawny frogmouth,punk,295,,Yodo,China
My Bollywood Bride,Christalle O'Henery,10/20/2022,,post punk,87,,Photojam,
Tenacious D in The Pick of Destiny,Ignacio Dukes,5/7/2009,"Lion, california sea",proto punk,333,,Flashpoint,Spain
Inuyasha the Movie: The Castle Beyond the Looking Glass,Far Spottiswoode,12/7/1980,"Monkey, black spider",proto punk,107,3,Voolia,China
"Quiet Duel, The (Shizukanaru ketto)",Felicia Drinnan,,Tayra,post punk,137,8,Feedfire,
"House Bunny, The",Fannie Fegan,5/26/1983,"Weaver, sociable",post punk,317,10,Feedmix,Russia
McKenna Shoots for the Stars,Benedetta Tuffs,9/13/1971,,grunge,262,,Leexo,Colombia
"Last Bolshevik, The (Tombeau d'Alexandre, Le)",Hale Garman,12/7/2018,"Wapiti, elk,",post punk,298,,Realblab,Canada
The Butterfly Effect 2,,3/30/2008,Ferruginous hawk,proto punk,168,,Ozu,Mongolia
"Flight of Dragons, The",,4/15/1974,Blue-tongued skink,post punk,395,,Livetube,China
Apache Country,Mallissa Cumpton,1/25/2005,"Wolf, mexican",pop punk,138,,,Indonesia
,Ilysa Djurdjevic,11/24/1970,Southern right whale,pop punk,101,8,Skyba,Czech Republic
,Livia Bareham,4/20/1989,"Dove, little brown",grunge,276,,Bubbletube,Philippines
Hotline,Emma Liver,12/22/2006,"Possum, ring-tailed",punk revival,37,,Yacero,
From Beginning to End (Do Começo ao Fim),Cassie Whitear,12/18/2017,American bighorn sheep,grunge,397,10,,Peru
"Desert Rats, The",Quentin Haslock(e),12/19/2016,Ring-tailed gecko,pop punk,66,,Meevee,
Huhwihaji Anha (No Regret),Elvin Pummell,8/5/2008,Eastern box turtle,proto punk,54,,Jabbercube,China
Rosie,Erny Farbrace,5/27/2010,"Snake, western patch-nosed",hardcore,391,3,Zoonoodle,Bulgaria
Windfall,Hestia Dutnall,8/18/1981,Water monitor,grunge,68,,Midel,
Stranger by the Lake (L'inconnu du lac),Phelia Stanett,5/9/2013,Galapagos tortoise,hardcore,135,10,,Poland
Bio-Dome,Lena Hammatt,8/2/2018,Black-backed jackal,hardcore,44,,,China
Old Man Drinking a Glass of Beer,,10/7/2003,Tree porcupine,punk,328,,Feedmix,Portugal
Phantoms,Temp Cleatherow,6/23/2001,Tiger,punk,300,8,Riffpath,China
Violet Tendencies,Dex Davidai,9/12/1986,"Cardinal, red-capped",grunge,107,5,Reallinks,China
Anna Christie,Ingram Cottom,2/2/1992,Asian lion,punk,327,1,Zoomdog,
Terms of Endearment,Sylvan Sabathier,9/11/2000,,pop punk,173,,Realbridge,
"Song Remains the Same, The",Wendel Jee,,Eastern indigo snake,post punk,303,4,Agimba,
DeadHeads,,3/19/1985,Black-necked stork,post punk,152,4,Flashdog,Mozambique
Within Limits (Liikkumavara),Upton Deverill,5/1/2005,"Mynah, common",punk revival,172,7,Agimba,Indonesia
Sleep with Me,Richmound Balls,6/19/2001,Brown and yellow marshbird,punk,396,7,Cogidoo,Tanzania
Crisis (Kris),Wakefield Van Schafflaer,4/16/2002,American buffalo,pop punk,81,6,,Portugal
The Pool Boys,Leroi Wolstencroft,4/15/2022,Bottle-nose dolphin,punk revival,270,9,,China
"House of the Spirits, The",Chrysler Gilhoolie,9/29/1974,Pied cormorant,punk revival,196,,Zoozzy,Argentina
Bill Cunningham New York,Leland Charlewood,5/24/1979,Woodchuck,hardcore,170,,,Indonesia
Looking for Hortense (Cherchez Hortense) ,Tierney Bewfield,4/3/1973,"Egret, cattle",pop punk,138,,,Dominican Republic
Hotline,Mike Linforth,8/2/1989,Two-toed tree sloth,hardcore,318,,Einti,Russia
Dancing at the Blue Iguana,,9/6/1988,Nelson ground squirrel,grunge,306,10,Devpoint,Colombia
Margot at the Wedding,Tuck MacCumeskey,12/7/2019,,punk,140,8,,Indonesia
Bukowski: Born into This,Kimble Comfort,7/6/2000,"Lizard, giant girdled",punk revival,41,,Jazzy,Colombia
Death of a Salesman,Lind Lorenzetti,,Common melba finch,grunge,390,,Skimia,China
"Yellow Sea, The (a.k.a. The Murderer) (Hwanghae)",Tamma Troubridge,11/2/1976,"Skimmer, four-spotted",post punk,288,2,Shufflester,Tunisia
Ben-Hur,Leonerd Flute,5/25/1998,"Starling, superb",punk revival,333,9,Meeveo,Myanmar
Careful,Lula Winters,6/3/2014,White-throated kingfisher,punk,365,1,Edgewire,Saudi Arabia
,Ulric Mottershaw,5/31/1985,Comb duck,punk,303,1,Gabspot,Spain
Song of the Bloodred Flower (Laulu tulipunaisesta kukasta),Orran Stratford,10/5/2018,Genoveva,grunge,244,,Bubbletube,Uganda
Barcelona,Farra Verrill,7/31/2016,Ring-necked pheasant,punk,79,,Realblab,Russia
Pulling Strings,Avigdor Ciccetti,12/5/2020,Oriental short-clawed otter,pop punk,274,9,,Netherlands
"Titfield Thunderbolt, The",,10/14/1972,"Snake, carpet",punk,186,,Thoughtstorm,Japan
Quatermass 2 (Enemy from Space),Forrester Slay,1/3/1994,,hardcore,54,10,Jatri,Poland
Synthetic Pleasures,Marcella Cliff,9/19/1982,Verreaux's sifaka,post punk,51,,Quimba,China
Twilight,Rebekah Sunnucks,12/24/2013,,hardcore,88,,Riffpedia,Indonesia
,Corbett McCauley,5/30/1987,"Booby, blue-footed",proto punk,216,2,Kayveo,Georgia
Diplomatic Immunity (2009– ),Court Lopez,3/4/1992,"Sheep, american bighorn",post punk,338,8,Buzzshare,Belarus
Tatie Danielle,,3/30/2008,Mocking cliffchat,pop punk,138,,Dazzlesphere,
Outbreak,Boot Davern,1/4/1973,"Glider, feathertail",hardcore,97,7,Nlounge,
"Mummy's Tomb, The",,7/20/2007,"Goose, cape barren",hardcore,381,,,
"Intruder, The",Pren Liversage,9/19/1984,"Monitor, white-throated",pop punk,179,6,Skimia,Canada
"House by the Cemetery, The (Quella villa accanto al cimitero)",Merla Trill,,"Trotter, lily",hardcore,43,5,Meeveo,China
One Hour with You,Dredi Troutbeck,,Asian water dragon,punk revival,202,,Livefish,Trinidad and Tobago
,Charmane Fanstone,4/11/1977,Cuis,grunge,89,8,Voomm,China
Cat People,Ellie Forgie,4/7/1980,"Mynah, common",proto punk,194,3,Wordpedia,Sweden
Dinosaur 13,Della Gratland,5/16/2013,"Lizard, giant girdled",pop punk,158,,Skinder,China
"Holy Man, The (Mahapurush)",Dominga Cammacke,,"Squirrel, red",grunge,206,7,,China
Burrowing (Man tänker sitt),Hali Iannello,5/23/2002,Chilean flamingo,hardcore,27,3,Zoonder,Philippines
My Week with Marilyn,Crissy Heibl,10/10/1974,Common brushtail possum,punk revival,357,1,Realpoint,Mexico
Dear Me,Burlie Halworth,3/18/2003,Grant's gazelle,punk revival,173,,,
Night Train,Felice Saffon,,"Kangaroo, brush-tailed rat",punk,26,4,Jaxnation,Poland
Midnight in Paris,Raye Ville,4/23/1979,"Vulture, white-headed",punk,310,,Avamba,Philippines
Futurama: Bender's Game,Micheil McIlwraith,12/13/2020,"Moorhen, purple",pop punk,330,4,,
"Monuments Men, The",Ursala Deal,,Saddle-billed stork,hardcore,348,9,Aivee,
Happiness Never Comes Alone (Un bonheur n'arrive jamais seul),Matilde MacTurlough,10/1/2009,Southern white-crowned shrike,hardcore,327,,Eadel,Philippines
Salon Kitty,Lory Hodcroft,,"Iguana, land",post punk,213,8,Babblestorm,Venezuela
My Piece of the Pie (Ma part du gâteau),Trula Eakly,6/28/1994,Lizard (unidentified),pop punk,184,7,,
Scourge,Zora Gherardini,3/21/1986,Cape wild cat,punk,366,,Trilith,Brazil
Oxygen,Essie McQuillin,,"Monkey, red howler",proto punk,266,,Kwimbee,China
Two Tars,Aloin Farrant,10/1/2002,Striped dolphin,grunge,83,5,Aivee,
Kenny,,11/9/2013,Gulls (unidentified),post punk,316,9,Quinu,Croatia
Black Sun (Kuroi taiyô),,10/4/2013,"Bustard, denham's",proto punk,99,,Fivespan,Afghanistan
,Catha Marmion,12/23/2019,"Gull, dusky",proto punk,83,4,Dynava,France
"Hangover, The",Marchelle Tytterton,7/10/2003,"Pheasant, ring-necked",post punk,281,3,Browsezoom,Greece
Help! I'm A Fish,Jacky Fawckner,10/24/2009,"Buffalo, wild water",grunge,274,4,,
As You Like It,Alexis Allott,7/23/1985,Oribi,grunge,147,,Twitternation,China
Young Thugs: Nostalgia (Kishiwada shônen gurentai: Bôkyô),Whitman Bass,12/8/1992,Red-tailed cockatoo,punk,218,2,Centidel,United Kingdom
"Doors, The",Tyne Roja,4/10/1985,Mourning collared dove,post punk,42,,,Serbia
"Master of Disguise, The",Leda Thirtle,5/14/1976,House sparrow,post punk,70,,Devcast,China
Dracula Untold,Wadsworth Raunds,9/14/2022,"Stork, white",proto punk,306,6,Thoughtbridge,Cuba
Insidious: Chapter 2,Dave Klimentyev,5/27/1994,King vulture,hardcore,140,6,,Ukraine
Zero de conduite (Zero for Conduct) (Zéro de conduite: Jeunes diables au collège),Christye Hannum,9/21/1998,"Seal, common",proto punk,384,9,,
A Magnificent Haunting,Web Skirven,2/17/2015,"Squirrel, smith's bush",grunge,226,,Flipbug,Russia
"Reluctant Astronaut, The",Elias Noweak,8/28/2016,,hardcore,375,8,Ntag,Portugal
"Cure, The",Dacia Ellington,10/13/2022,Striped dolphin,punk,29,5,Thoughtworks,China
Apartment 4E ,Danyette Tugman,11/21/2003,"Cormorant, neotropic",post punk,209,7,Jetpulse,Portugal
Snowball Effect: The Story of 'Clerks',,1/29/1995,"Chickadee, black-capped",punk revival,167,,Yakijo,Portugal
"Muriel, or The Time of Return (Muriel ou Le temps d'un retour)",Boycie Itzhak,7/30/1976,"Rattlesnake, eastern diamondback",punk revival,82,,Wordware,Russia
"Lost, Lost, Lost ",Flossie Roseburgh,12/17/1983,"Legaan, water",grunge,116,,Voonix,Netherlands
"Way You Wanted Me, The (Sellaisena kuin sinä minut halusit)",Averil Crewe,11/1/1999,"Boar, wild",hardcore,272,5,Blogspan,Philippines
Mourning Becomes Electra,Westbrooke Croal,9/25/1983,,post punk,176,2,Yambee,Czech Republic
"Tunnel, The",Maurice Varrow,1/19/1994,,post punk,366,,Youspan,Poland
Boy Meets Girl,Evey Kubacki,3/15/2004,"Wombat, common",grunge,417,,,Iran
If I Had a Million,,,Giant girdled lizard,pop punk,198,9,Tagpad,China
"Turandot Project, The",Sig McCaffrey,11/19/1980,"Weaver, red-billed buffalo",proto punk,75,2,Centimia,Costa Rica
G.I. Joe: A Real American Hero (G.I. Joe: The MASS Device),Halimeda Braybrooke,,Polar bear,post punk,211,8,Centimia,Philippines
Ziggy Stardust and the Spiders from Mars,Dani Pollock,10/21/1995,Little brown dove,punk revival,335,,,Czech Republic
Student Bodies,Yolane Lilloe,10/20/2002,"Buffalo, american",punk revival,315,10,Zooxo,Latvia
SuperBabies: Baby Geniuses 2,Maighdiln Szymanzyk,12/31/1970,"Wapiti, elk,",punk revival,84,9,Leexo,China
"Sand Pebbles, The",,6/27/2012,"Glider, squirrel",punk revival,76,9,Mydeo,Russia
4 for Texas,Cass Ibel,4/10/2002,Western pygmy possum,punk revival,214,2,,Nigeria
"Infidel, The",Sampson McBrady,11/23/1973,"Hawk, red-tailed",pop punk,387,5,Avamba,China
Last Resort (National Lampoon's Last Resort),Angeli Adne,8/24/1981,African fish eagle,proto punk,200,,,Russia
Alone in the Dark,Barthel Ragdale,12/3/1996,Brazilian otter,pop punk,266,3,Ooba,Philippines
Habit,Allen felip,10/10/2013,"Genet, small-spotted",punk,234,,Youspan,Russia
"Lone Ranger, The",Clovis Dysart,6/28/2001,Eastern grey kangaroo,punk revival,284,9,Ozu,China
Tyler Perry's The Single Moms Club,,4/4/2021,Scarlet macaw,proto punk,170,,Jazzy,Colombia
Bollywood/Hollywood,Jamison Dominelli,,"Hyena, striped",hardcore,37,10,Wordtune,
"Shamrock Handicap, The",Retha Eckford,2/11/1988,"Eagle, white-bellied sea",punk,114,10,Ntags,Bosnia and Herzegovina
Asterix vs. Caesar (Astérix et la surprise de César),Valaree Gargett,6/19/2018,"Cat, civet",punk,181,9,Linklinks,
Pandorum,Ann-marie Disney,,Red deer,punk revival,58,3,Thoughtstorm,Mexico
Enter the Phoenix (Da lao ai mei li),Harwell Crosskill,,"Baboon, savanna",punk,30,9,,
Adult World,Emmanuel Mustoo,,Sociable weaver,punk revival,111,,,Guinea
Dead Men Tell,Gabriel Jewel,,"Dove, galapagos",grunge,107,,,Indonesia
Gangs of New York,Even Clemo,3/15/1976,Spectacled caiman,grunge,313,10,Zoonoodle,Syria
Intimate Relations,Elaine Cowlam,2/11/1975,Common turkey,punk,381,3,Twitternation,Tuvalu
Eyes Wide Open (Einayim Petukhoth),Ammamaria Swain,1/17/2013,"Rhea, greater",grunge,251,,Izio,Thailand
American Reunion (American Pie 4),Isadora Bedinham,6/30/2008,"Genet, common",punk revival,233,,,Russia
"Generale Della Rovere, Il",Lucita Daffey,4/27/2018,"Kangaroo, eastern grey",pop punk,325,8,Zooveo,China
Objectified,Stearn Geary,10/27/1974,"Tortoise, desert",punk revival,334,,Photobean,Nicaragua
A Phantasy,Lodovico Yokley,5/17/1993,"Lemur, lesser mouse",post punk,261,,Vimbo,China
Following Sean,Vikky Fuxman,5/1/2017,Hyrax,hardcore,69,,Npath,
Angels Fall,Antoni Palatini,3/1/2015,Black vulture,punk,143,1,Gigazoom,France
What If... (An...),Linnet Fern,5/24/2015,Bent-toed gecko,punk revival,301,,,France
Mademoiselle Chambon,,1/19/1989,Trumpeter swan,hardcore,182,5,Shuffledrive,Russia
"Pearl, The (La perla)",Lise Zannotelli,1/17/1982,Gerbil (unidentified),hardcore,31,,Edgeclub,Portugal
Reeker,Hernando Sail,1/5/2004,"Reedbuck, bohor",pop punk,175,,Demimbu,Thailand
"Stooge, The",Hanna Bedin,4/3/1997,"Heron, yellow-crowned night",post punk,213,6,Vinte,
"Food, Inc.",Burtie Littlekit,8/19/1989,"Polecat, african",punk revival,207,1,Jaxnation,China
Empire of Passion (a.k.a. In the Realm of Passion) (a.k.a. Phantom Love) (Ai No Borei),Ava Redfield,,"Ox, musk",post punk,113,7,Rooxo,United States
"Walk to Remember, A",Chelsie Spencelayh,10/1/2004,Ostrich,proto punk,323,9,Meejo,China
Fahrenheit 451,Lauretta Fine,12/8/2003,"Antelope, four-horned",pop punk,304,,Einti,Argentina
Monty Python Live (Mostly),Leupold Gamet,3/22/2011,,punk revival,160,10,,Guatemala
"America, America",Mia Curneen,6/7/2010,"Wallaby, river",proto punk,247,7,Jaxspan,Indonesia
Reel Injun,Clementia Beeck,7/8/2018,"Coot, red-knobbed",punk revival,76,6,Yombu,Sweden
Thin Ice,Fayre Chitham,11/1/2006,Black-collared barbet,punk revival,168,2,Fatz,Russia
Oleanna,Matthias Alliott,,Blacksmith plover,hardcore,90,6,Mudo,Russia
"Border, The",Chrystel Osborn,11/10/2016,"Booby, blue-faced",proto punk,319,8,Rhynyx,Poland
Number Two (Numéro deux),Corrie Bray,10/17/1977,African clawless otter,punk revival,227,,Jaxspan,Russia
"Last Broadcast, The",Marve Cobby,6/19/2004,Royal tern,pop punk,103,4,Roomm,Peru
Eternally Yours,Page Spinnace,10/9/2011,Emerald-spotted wood dove,post punk,126,9,Minyx,
Love and Pigeons,Verne Virr,9/26/1989,Pale-throated three-toed sloth,punk revival,56,8,Yacero,China
"Mummy, The",,11/18/1980,"Bat, madagascar fruit",post punk,269,4,Babblestorm,Poland
Split Second,Clifford Aldcorne,3/5/1998,"Coatimundi, white-nosed",punk revival,69,3,Flashdog,
Notorious,Maye Bedder,8/28/2014,"Booby, masked",punk revival,120,6,Oozz,China
Manito,Nicola McClune,1/17/1973,Yellow baboon,grunge,285,9,Brainverse,Egypt
"Goddess, The (Shen nu)",Madel Sedgefield,11/28/1982,"Squirrel, richardson's ground",punk revival,284,,Edgetag,Russia
Zizek!,Wallis Skelhorn,1/5/2016,"Raven, cape",post punk,138,,,
Breaking Out (Vägen ut),Gavrielle Crenage,10/19/2020,"Avocet, pied",pop punk,158,3,Realfire,Panama
By the Light of the Silvery Moon,Dorelle Balasini,12/13/1981,Asian water dragon,punk revival,187,10,Mydo,Jamaica
"Blot, The",Aleta Kayser,8/14/2011,Greater flamingo,proto punk,120,,Mybuzz,Indonesia
Meth,Noel Grubb,2/27/1978,Woylie,pop punk,365,4,Leenti,Portugal
Colossus: The Forbin Project,Lucio Baptist,,"Robin, white-throated",proto punk,321,,Jayo,United States
20 Years After,Stephana Hover,7/19/2014,Gila monster,punk,395,6,Shufflester,Venezuela
"Last Chance: Diary of Comedians, The (Bokutachi no koukan nikki)",Demetra Gentle,,"Cockatoo, long-billed",grunge,185,2,,China
"Unbearable Lightness of Being, The",Hillary Andreoletti,10/8/2008,"Lemming, arctic",post punk,159,7,Aibox,China
Running Scared,Shelley Candwell,,Greater flamingo,punk,402,10,Latz,Russia
"Rumor of Angels, A",Winny Whaymand,,Striped skunk,post punk,65,,Jetwire,Comoros
Best Man Down,Tally Botger,,"Fox, blue",punk revival,85,10,Skimia,Indonesia
Badman's Country,Boyce Kupka,2/18/1975,,punk revival,375,9,Yakidoo,United States
"Brotherhood, The",Nelly Bibby,9/3/2005,"Bushbaby, large-eared",proto punk,165,1,Fadeo,Indonesia
"Fast, Cheap & Out of Control",,9/14/2003,"Oystercatcher, blackish",grunge,267,4,Dynabox,Japan
Undisputed II: Last Man Standing,Lydie Lyngsted,5/18/2011,"Colobus, white-mantled",hardcore,118,,Yabox,France
Good Morning (Ohayô),Lida Doale,1/11/2004,"Squirrel, european red",post punk,344,5,,Indonesia
Stranger by the Lake (L'inconnu du lac),Antonina Halhead,9/25/1986,Long-crested hawk eagle,punk,210,3,Yakitri,Indonesia
Wake of the Red Witch,Jefferson Cranke,3/25/2001,"Lion, galapagos sea",hardcore,192,4,Ntags,Paraguay
Come Back to Me,Fons Kimbly,11/2/2016,Ocelot,grunge,326,9,Thoughtblab,
Ten Minutes Older,Hayyim Couttes,8/7/1996,Common seal,punk,371,,Rhyzio,Czech Republic
"Chambermaid on the Titanic, The (Femme de chambre du Titanic, La)",Laurette Mottershead,9/2/1997,Southern ground hornbill,pop punk,381,,Divape,Russia
"Unreasonable Man, An",Baily Forber,4/14/1982,Red squirrel,pop punk,242,3,Babblestorm,Indonesia
Antibodies (Antikörper),Claudina Cicccitti,4/10/1979,"Starling, cape",punk,154,,Topiclounge,China
Doppelgänger Paul,Emmet Kupka,11/20/1973,Magistrate black colobus,post punk,233,,Fliptune,China
Disneyland Dream,Adlai Bocock,9/4/2000,,punk,93,,,United States
Miss You Can Do It,Marlowe Leeder,,Stick insect,punk,300,4,Jetpulse,
Wives and Lovers,Konstantine Oleksinski,1/6/2022,"Quoll, eastern",grunge,329,9,Fivespan,
Désiré,Gabe Mate,11/24/1973,"Waxbill, black-cheeked",hardcore,106,7,Linktype,China
Funny Lady,Bette Kamenar,4/24/2009,"Turtle, snake-necked",pop punk,128,,Zoonder,Indonesia
Star Wars Uncut: Director's Cut,Crissie Wakes,6/24/1982,Bushpig,punk revival,94,5,Twimbo,Brazil
Morgan!,Brigham Slimme,,African bush squirrel,hardcore,339,5,Twitterbeat,Philippines
,Clarie Foot,5/26/1970,White-throated toucan,proto punk,29,,Zava,
"Tortured, The",Maynord Bavester,12/25/2021,Red meerkat,post punk,409,7,,China
Cube 2: Hypercube,Abey Sherman,6/7/1991,White spoonbill,grunge,233,10,,Russia
"Great Bank Hoax, The",Zerk Ivankov,8/1/1982,"Egret, great",pop punk,227,10,Edgewire,Netherlands
Margaret,Keven Kniveton,11/12/1980,"Dragon, frilled",hardcore,336,5,Realfire,Ghana
Comin' at Ya!,Dyna Ruddock,8/4/1990,"Wallaby, red-necked",hardcore,43,5,Tanoodle,Norway
Warlock,Aggi Brignall,,Coyote,punk revival,220,,Dazzlesphere,Tanzania
,Romy Dulinty,8/5/1989,Horned puffin,proto punk,194,,Fivechat,Palestinian Territory
Othello,Jayson Laker,12/17/2007,"Monitor, two-banded",proto punk,308,5,Shuffledrive,Poland
Before I Go to Sleep,Josee Whitter,3/27/1992,Jaguar,post punk,305,,Oyoloo,
"Million, Le (Million, The)",Vivie Pawley,,Dromedary camel,punk,240,,,Czech Republic
Wanda Nevada,Stavros Renouf,5/20/2011,King vulture,pop punk,208,,Skalith,Vietnam
Camille Rewinds,Dick Mousley,4/6/2005,"Screamer, crested",punk revival,26,1,Zoovu,Greece
To Get to Heaven First You Have to Die (Bihisht faqat baroi murdagon),,7/24/1992,"Gecko, tokay",hardcore,325,,Realbuzz,China
,Bronnie Frankcom,7/17/1998,Egyptian goose,grunge,395,6,Eire,Indonesia
Oxygen,Olav Purchon,,Pocket gopher (unidentified),post punk,142,10,Shufflester,Russia
,Joya Wackly,9/24/1996,"Cobra, cape",post punk,397,4,,China
"My Father the Hero (Mon père, ce héros.)",Caril Ensley,10/23/2021,Common zorro,pop punk,353,4,Oba,Sweden
Jamie Marks Is Dead,Gaspar Viggars,10/7/1974,"Marmot, yellow-bellied",punk,192,8,,France
"Debt, The",Fredrick Digman,4/7/2021,"Elephant, asian",post punk,143,10,Shufflebeat,
Benny & Joon,Arnaldo Andrivot,8/22/2010,Nine-banded armadillo,punk revival,270,6,,Peru
Prata Palomares,Vale Jackes,7/30/1977,African fish eagle,post punk,212,4,Roodel,United States
Christmas in August (Palwolui Christmas),Brendan Edwick,10/16/2010,Fat-tailed dunnart,proto punk,286,,Yotz,Bosnia and Herzegovina
"Great Bank Hoax, The",Theo Burgane,5/17/2008,"Squirrel, uinta ground",proto punk,145,3,Photobug,Indonesia
W Delta Z (a.k.a. The Killing Gene),Freemon Linthead,12/22/1995,"Dog, bush",post punk,54,,Twitterwire,Hong Kong
Shock,Lukas Nijs,11/3/2020,"Barbet, crested",proto punk,107,10,Yodo,Philippines
Mary and Max,,7/22/2002,Gelada baboon,hardcore,253,6,Youspan,Democratic Republic of the Congo
Mrs. Doubtfire,Luisa Lonergan,,"Cat, tiger",hardcore,26,2,Dabfeed,Russia
Swindle,Sayer Dondon,4/11/2022,Indian mynah,hardcore,300,1,Ailane,China
"Chipmunk Adventure, The",Trevor Fishlee,,Madagascar fruit bat,proto punk,408,,Katz,China
"Paramore Live, the Final Riot!",Findlay Hembery,5/21/1987,Eleven-banded armadillo (unidentified),post punk,72,,,Peru
Star Wars: Episode IV - A New Hope,Elnore Slipper,7/4/1982,African buffalo,hardcore,179,,Mycat,Brazil
Angel Eyes,Esta Lumm,12/23/1987,Australian sea lion,punk revival,38,3,Feedbug,Brazil
Bill Maher... But I'm Not Wrong,Virgie Ledster,10/8/1992,Black-backed magpie,post punk,262,1,Mybuzz,Tunisia
"Island, The",Fabio Franchioni,2/11/2005,"Rhea, greater",pop punk,148,2,Vitz,China
Snow White and the Seven Dwarfs,Terence Gritsaev,3/7/2017,"Dragon, komodo",proto punk,361,,Meevee,France
Gun Woman,Kettie Boldison,,Black-tailed prairie dog,punk,169,,Latz,Peru
"Trap, The (Klopka)",Hasty Pennick,,Burmese brown mountain tortoise,pop punk,371,2,Youopia,Russia
Buffalo '66 (a.k.a. Buffalo 66),Torrance Pallasch,,"Gecko, barking",pop punk,174,6,Thoughtstorm,Myanmar
Where the Sidewalk Ends,Genia Tewelson,9/29/2001,Mouflon,proto punk,116,,Vipe,
Idiot Box,Adler Thorbon,4/1/1980,Llama,post punk,383,2,Realfire,Portugal
"Adventures of Huckleberry Finn, The",Britteny Dimmack,,Agama lizard (unidentified),proto punk,220,,Realblab,Mali
Cat on a Hot Tin Roof,Richmond Rassell,,"Cobra, egyptian",proto punk,201,10,Skilith,
"Imposter, The",Winnie Creeber,,"Dragon, western bearded",post punk,332,5,Abatz,Poland
Bandslam,Herve Shirlaw,1/21/1974,Warthog,post punk,27,9,Wikizz,Philippines
Honest Man: The Life of R. Budd Dwyer,Boony Capstack,12/23/1992,"Siskin, pine",pop punk,108,6,Tagtune,Mongolia
"Straits of Love and Hate, The (Aien kyo)",Valentin Haeslier,6/18/1997,Red-necked wallaby,pop punk,373,4,,Malaysia
Child of God,Henrie Allum,3/15/2011,Cougar,proto punk,273,9,,France
Flodder 3,Nessa Mehaffey,6/26/1995,"Albatross, waved",post punk,57,5,Photofeed,Russia
Kevin & Perry Go Large,Nataniel Tweddle,,"Eagle, african fish",pop punk,153,,Rhybox,Sweden
"Good Thief, The",Orelie Town,9/21/1998,Blue fox,proto punk,150,,Photospace,Japan
Heat,Giacomo Widdall,,Red-breasted cockatoo,hardcore,243,,Dazzlesphere,Norway
"Pellet (Bola, El)",Riannon Preene,5/14/1983,Blue-footed booby,grunge,259,6,Voomm,China
"Hey, Happy!",Darcy Marde,,Grey phalarope,pop punk,177,4,Photospace,Russia
Kiss Them for Me,Ronda Isaacson,,Cottonmouth,grunge,112,3,Oyondu,Philippines
Fires on the Plain (Nobi),Elsi Witcherley,3/11/2011,"Hare, arctic",hardcore,225,2,Jaxbean,Latvia
,Peggi Zannelli,8/20/1972,White-tailed deer,proto punk,95,,Photofeed,Nepal
My Dear Secretary,Rickie Higford,,"Flamingo, greater",punk,245,,Quaxo,China
"Map of the World, A",Ruddie Minihane,,Ring-tailed possum,punk revival,154,,,France
"Punisher, The",,10/19/2005,Coqui francolin,proto punk,404,8,Dabfeed,Japan
Campus Man,Redd Tregent,3/29/2015,Boat-billed heron,punk,200,3,Browsecat,Brazil
Death Takes a Holiday,Alejoa Wheelan,4/17/2018,,pop punk,245,,,Philippines
[REC] 4: Apocalypse,Paulo Goade,2/11/1975,"Stork, saddle-billed",grunge,203,6,Talane,Czech Republic
Ragtime,Adda Colisbe,,White-tailed deer,pop punk,130,2,Zooveo,Ukraine
I Thank a Fool,Jonis Goodoune,5/24/1984,"Catfish, blue",post punk,405,1,Dabshots,Syria
"Animal, The",Madison Bailes,6/6/2010,Eurasian beaver,proto punk,82,5,,Brazil
Jay and Silent Bob Go Down Under,Klarrisa Francino,1/10/2018,South American puma,punk,78,1,Wordware,Vietnam
,,4/4/2014,Black and white colobus,post punk,375,,Feedfire,Ireland
Beyond the Lights,Laverna Worsnap,4/24/1988,Gelada baboon,punk revival,136,4,Meezzy,Dominican Republic
East Side Story,Grantley Tomkowicz,4/19/1990,"Weaver, red-billed buffalo",punk,368,,Dynazzy,Russia
Incident at Oglala,Fabe Rosewarne,9/7/2012,Vervet monkey,post punk,345,,Plambee,Philippines
Moon 44,Johnathan Petherick,7/18/1977,"Bustard, kori",punk,121,10,Omba,Colombia
I Dream Too Much,Ramonda Whittleton,8/3/1993,"Monitor, white-throated",post punk,208,7,Feedfish,Philippines
Where the Wild Things Are,Errick Gorusso,5/28/2009,Stone sheep,pop punk,352,3,Yadel,China
"Court Jester, The",Mervin Wey,12/15/1979,Crowned hawk-eagle,grunge,348,,Linkbuzz,Indonesia
Corto Maltese: The Guilded House of Samarkand (La maison dorée de Samarkand),Pepillo Bignal,,Blackish oystercatcher,proto punk,262,6,Ozu,Philippines
"Seagull's Laughter, The (Mávahlátur)",Raff Skokoe,2/15/1988,Timber wolf,punk revival,207,1,Chatterpoint,Indonesia
Cairo Time,Blisse Rosthorn,4/21/1973,Crested screamer,proto punk,191,1,Twinder,Indonesia
Graveyard of Honor (Shin jingi no hakaba),Edgardo Adacot,9/7/1990,"Wolf, timber",proto punk,168,4,,Norway
"Moment of Truth, The (Il momento della verità)",Aurora Setchell,3/24/2015,Dark-winged trumpeter,post punk,129,,Jamia,Portugal
Once Upon a Time in China III (Wong Fei-hung tsi sam: Siwong tsangba),Burg Middlemist,9/8/2012,Blackbuck,proto punk,58,6,Realcube,South Africa
Admiral,Garnet Golda,1/28/2022,"Screamer, southern",hardcore,260,,Voomm,Uzbekistan
Jupiter Ascending,Meade Ketchen,,"Wambenger, red-tailed",hardcore,96,3,Podcat,Canada
"Divorce, Le",Arlette Kidgell,9/21/1993,Southern sea lion,post punk,368,1,Buzzshare,Poland
,Torrence Grindell,3/31/1977,Yak,proto punk,79,6,Buzzshare,China
"Duck, You Sucker (a.k.a. Fistful of Dynamite, A) (Giù la testa)",Aimil Austing,10/6/2002,Black rhinoceros,post punk,219,6,Digitube,Portugal
Get on the Bus,Alma Keegan,,"Lemur, lesser mouse",proto punk,345,5,Skyba,Brazil
"Monster, The",Gabriell Dobson,6/24/2015,Dusky gull,punk revival,156,,Photobean,South Africa
Super Size Me,,3/30/2000,Prairie falcon,pop punk,414,10,Fiveclub,Indonesia
"Last of the Unjust, The (Dernier des injustes, Le)",Sadie Petken,4/15/2005,"Marten, american",grunge,158,5,Devcast,Japan
Nine,Krispin Westover,7/20/2013,Yellow-necked spurfowl,punk revival,79,1,Meembee,China
Hippie Masala - Forever in India,Tulley Ivashnikov,5/3/1992,"Penguin, fairy",hardcore,89,,,Russia
In the Loop,,,"Baboon, olive",punk revival,390,6,Tagchat,China
Tammy,Cicely Tompkins,,Warthog,hardcore,290,,Jaxnation,Bangladesh
Small Apartments,Tabbie Mouget,3/6/1982,Sea birds (unidentified),grunge,176,8,,Mali
"Natural, The",Archibald Corsham,5/21/1983,Steenbuck,punk revival,160,,Kare,Azerbaijan
Kairat,Erl Faragan,9/13/2013,Moose,pop punk,207,,Zoonoodle,China
Chisum,Iris Passo,4/22/2020,"Alligator, american",grunge,265,,,Indonesia
"Convent, The (O Convento)",Nikola Undrell,3/5/1986,Impala,punk revival,235,7,Tekfly,Russia
Bright Victory,Mirabella Sidwick,10/20/2013,Hudsonian godwit,hardcore,340,,Livetube,France
Protocol,Mikey Foulcher,1/8/2010,Bontebok,hardcore,169,8,,Indonesia
Alien Nation: The Udara Legacy,Brad Dissman,,Three-banded plover,post punk,172,8,Pixope,Poland
Common Threads: Stories from the Quilt,Nanete Ladell,5/23/2014,Campo flicker,hardcore,181,3,Feedmix,Russia
Slam Dance,Charlton Geane,9/2/1983,Asian red fox,punk revival,196,,Aimbo,Honduras
Camp X-Ray,Gaby Preon,11/25/1975,Purple grenadier,hardcore,142,,Thoughtblab,Morocco
Winter of Discontent,Matty De Bernardis,,"Teal, hottentot",post punk,298,5,Devify,Gambia
Ben-Hur: A Tale of the Christ,Dario Sutch,,Chilean flamingo,proto punk,307,,Eare,Turkmenistan
The Two Policemen,Giordano Ikins,1/6/1981,Wild water buffalo,pop punk,221,2,,Portugal
Three Kings,Rodney Massimo,4/7/1987,Desert tortoise,post punk,120,,Ntag,China
"Perfect Crime, The (Crimen Ferpecto) (Ferpect Crime)",,6/8/2001,Chuckwalla,hardcore,132,,,Indonesia
Under Siege,Teriann Larchiere,6/24/1998,Northern phalarope,grunge,325,3,Meezzy,Serbia
Open Range,,4/11/1981,Canadian tiger swallowtail butterfly,punk,128,8,Yoveo,
Naked,Una Saffrin,3/30/1979,Black-crowned night heron,pop punk,92,5,Divanoodle,Indonesia
"Mirror Has Two Faces, The",Tedra Purves,1/15/2004,"Eagle, golden",pop punk,23,,Livetube,Russia
"Dinner, The (Cena, La)",Jammie Rustidge,12/2/1990,Gerbil (unidentified),pop punk,69,3,,
Phyllis and Harold,,3/13/2014,Levaillant's barbet,pop punk,211,8,Jayo,
"Naked Prey, The",Umberto Elix,,"Goat, mountain",pop punk,292,8,Wordpedia,France
Drunken Angel (Yoidore tenshi),Ronny Unger,6/25/2011,,punk revival,119,,Youopia,Poland
"Little Indian, Big City (Un indien dans la ville)",Kinny Moine,6/6/1975,Levaillant's barbet,punk revival,244,1,,Poland
Mike Bassett: England Manager,Agace Teffrey,2/6/1995,Northern elephant seal,pop punk,93,9,Oyonder,Philippines
"Simple Life of Noah Dearborn, The",Gerrard Rait,12/23/1982,"Bleu, blue-breasted cordon",proto punk,271,8,Yacero,Poland
Hitman Hart: Wrestling with Shadows,Martainn Jersch,8/18/1998,Burmese black mountain tortoise,proto punk,247,2,Zooveo,Uzbekistan
Shepard & Dark,Sunshine Polak,1/27/1977,Large cormorant,grunge,132,,,Dominican Republic
102 Dalmatians,Uta Hagyard,4/29/1998,Hanuman langur,punk,96,1,Miboo,Vietnam
Ninja Assassin,Eward Trippick,1/4/1983,"Owl, australian masked",hardcore,165,1,Feednation,New Zealand
"Tree of Knowledge, The (Kundskabens træ)",Thorvald Buntin,1/9/1987,Pronghorn,grunge,147,9,Eire,Guatemala
Wedding Daze,Ransell Nickolls,8/29/2015,"Heron, striated",post punk,109,,,China
Django Unchained,Celinka Stennes,12/14/2009,Indian tree pie,pop punk,354,10,,United States
Lumiere and Company (Lumière et compagnie),Pamelina Kringe,6/5/2009,,post punk,372,,Linktype,China
"Stone Left Unturned, A (Kovat miehet)",,6/3/1978,"Kangaroo, eastern grey",post punk,408,2,Realpoint,Sierra Leone
,Katee McAirt,6/23/1973,"Bustard, denham's",pop punk,39,,Rhybox,China
Rent-a-Kid,Bartolemo Ovise,1/18/1980,"Phalarope, red-necked",post punk,334,7,Abatz,Indonesia
Nothing Like the Holidays,Faustina Gravenor,6/4/2007,,grunge,45,,Tambee,Mexico
Samaritan Zatoichi (Zatôichi kenka-daiko) (Zatôichi 19),Loralie Cozby,3/27/2006,"Brocket, red",grunge,403,,,Palestinian Territory
Judge Dredd,Augusta Ivatt,4/14/1991,"Lizard, blue-tongued",pop punk,398,,,Indonesia
Extracted,Rog Larking,10/18/1998,Tsessebe,post punk,367,,Quimm,Ethiopia
Nine Dead Gay Guys,Andy Hannan,11/11/2020,"Hare, arctic",grunge,38,,Dabjam,Spain
The Care Bears Adventure in Wonderland,Alexio Bowshire,3/17/2015,Carpet python,post punk,84,,Quatz,Indonesia
I Origins,Rogerio McCardle,3/22/1988,Purple grenadier,punk revival,373,,,China
Jennifer 8,Eduard Shelton,1/13/2016,Sugar glider,proto punk,37,1,,South Korea
Red Hook Summer,Reiko Folini,2/15/2009,Lilac-breasted roller,pop punk,188,,Eabox,
Thunderbirds,Marguerite Jakubovits,8/26/1997,Bird (unidentified),proto punk,56,9,Flipopia,Egypt
So Big!,Purcell Seery,6/26/1993,"Plover, blacksmith",grunge,401,,Yodoo,Finland
24 7: Twenty Four Seven,Crissy Creed,12/5/2004,"Seal, common",pop punk,313,,Centizu,Indonesia
10.5,Montague Jerrim,9/19/1999,"Capuchin, white-fronted",punk revival,201,2,,
Mimic: Sentinel,Jemmie Aberkirdo,4/23/1990,Red sheep,hardcore,370,2,Topicblab,Syria
Man on Fire,Saxe Wurz,1/26/1991,Pied avocet,punk revival,290,,Tambee,Indonesia
Yeh Jawaani Hai Deewani,Agatha Parvin,12/13/1999,Western bearded dragon,punk,232,1,,Honduras
Walkabout,Erena Sherland,10/22/2018,"Phalarope, red-necked",hardcore,100,,Oyoloo,China
Woman Thou Art Loosed,Brodie Bennoe,5/19/2015,Red-shouldered glossy starling,proto punk,387,,Tagcat,Indonesia
Shorts,Anthia Simnell,5/20/1981,"Toucan, red-billed",pop punk,136,1,Fliptune,Portugal
Gods and Generals,Alvan Sexcey,3/24/2009,Zorilla,proto punk,84,10,Skimia,China
"Doctor, The",Mata Greengrass,10/16/2009,"Bee-eater, white-fronted",punk,363,9,InnoZ,Greece
Toi et Moi,Alanna Riche,6/16/2009,Red-necked wallaby,punk,284,7,Oba,Philippines
,Thurston Francie,5/5/1973,Black curlew,proto punk,133,,,Portugal
The Questor Tapes,Dannye Dominguez,4/22/1970,"Stork, greater adjutant",proto punk,124,,Leenti,Philippines
Extraordinary Measures,,11/21/1983,"Possum, pygmy",post punk,87,,Meevee,China
Behind the Candelabra,Freemon Hamstead,12/15/1995,Long-tailed skua,grunge,372,,Meedoo,Peru
Süperseks,Pebrook O' Loughran,3/2/2022,"Lizard, goanna",punk revival,157,1,Flashset,China
Wizards,Yehudit Alejo,7/19/1984,African wild dog,punk,72,,Voonyx,China
1776,Sydel Dimbleby,10/9/1995,Flying fox (unidentified),punk,26,6,Topicblab,Japan
It Started with Eve,Hedwig Dumbreck,1/28/2008,Ring-tailed possum,punk,363,7,Babbleopia,Azerbaijan
7 Men from Now (Seven Men from Now),Gratia Curedell,2/14/1996,"Possum, ring-tailed",punk,302,,Devpulse,China
Lucia,Elayne Seiffert,,"Capuchin, brown",pop punk,213,3,Tagpad,Serbia
Page Miss Glory,Lemmy Temperley,12/31/2004,"Flamingo, greater",hardcore,226,9,Chatterpoint,Indonesia
"Breed, The",Quent Thacke,9/1/2003,,punk revival,143,2,Mynte,Norway
"Edge of the World, The",Pietra Willbraham,2/21/2015,,punk,193,7,Jamia,Indonesia
"Wisdom of Crocodiles, The (a.k.a. Immortality)",,,Plains zebra,post punk,364,,Meeveo,South Africa
Fiend Without a Face,Arturo Lindsley,1/28/2014,Giant heron,hardcore,332,,Zazio,Ukraine
'Twas the Night Before Christmas,Rolf Sandilands,,Black kite,grunge,173,,Twitterworks,Philippines
As If I Didn't Exist (Elina - Som om jag inte fanns),Mela Bevans,,Lava gull,post punk,166,3,Browsedrive,Russia
Bajo la Sal (Under the Salt),Rebekkah Ledgard,5/24/1998,"Coatimundi, ring-tailed",pop punk,96,,Mybuzz,South Africa
"Lift, De",Melamie McElree,3/1/1997,Bottle-nose dolphin,pop punk,230,,Skajo,China
"Dilettante, La",Dew Spuner,7/25/1979,Nyala,pop punk,334,3,Yakidoo,Cameroon
Paradise Now,Esta Willox,11/24/1970,Galah,punk revival,367,,,Argentina
Gun Crazy (a.k.a. Deadly Is the Female),Devora Windebank,3/23/2005,"Waterbuck, defassa",proto punk,178,,Jayo,Ukraine
"Aristocrats, The",Virginia Fleckney,1/26/2011,"Stork, painted",proto punk,108,6,Gigaclub,Sweden
"Hucksters, The",Shurwood Wahlberg,3/18/2005,"Zebra, common",hardcore,122,,,China
Immortal Sergeant,Tarrah Flatt,,"Boar, wild",grunge,259,,Blogtags,China
Stalingrad,Georges Ciciotti,8/31/1975,"Racer, american",grunge,407,,Kanoodle,Czech Republic
Owning Mahowny,Tamara Haill,4/3/1995,Snowy egret,hardcore,385,,Zooxo,Belgium
"Glenn, the Flying Robot",Kristien Dyhouse,4/15/2015,Rufous-collared sparrow,proto punk,226,,,Russia
Tooth Fairy 2,Launce Ibarra,3/26/1988,Puna ibis,punk revival,298,,Eazzy,Czech Republic
Just Ask My Children,Kaycee Normanvill,5/31/1999,Western spotted skunk,post punk,155,8,Youspan,Iran
"Taking of Power by Louis XIV, The (Prise de pouvoir par Louis XIV, La)",Rebeca Goncalo,,African wild cat,proto punk,147,8,Zoonder,Argentina
El Greco,Johnathan Richens,,Tawny eagle,grunge,401,,Plajo,Philippines
Ain't Them Bodies Saints,,9/17/2006,Great kiskadee,pop punk,109,,,Gabon
Nordkraft,Marjory Magrannell,7/20/2021,Eastern diamondback rattlesnake,punk revival,199,3,Zoonder,China
Bill Maher... But I'm Not Wrong,Thayne Swatton,,"Bandicoot, short-nosed",hardcore,207,3,Zoonoodle,China
Moog,Clint Kmiec,12/3/1995,"Porcupine, north american",punk revival,31,,,Vietnam
Wrong Is Right (a.k.a. The Man With the Deadly Lens),Roy Rubinsztein,,,pop punk,413,,Plajo,China
Untamed Youth,Janene Windrus,5/19/2012,"Avocet, pied",proto punk,141,7,Fivechat,Estonia
Waterboys,Emeline Tremaine,6/8/2021,Argalis,post punk,267,,Plambee,
Hesher,Fernandina Dumsday,8/18/2011,"Egret, great",punk revival,354,3,Rhyzio,Peru
Elena Undone,Roger McGilvray,12/11/2005,Dama wallaby,grunge,112,3,Skyble,Japan
Journey to the Center of the Earth,Matthaeus Tourner,8/4/2005,Cottonmouth,grunge,40,,Mydo,Portugal
Babysitting,Emlynne Sisse,8/27/1977,Common seal,grunge,299,1,,Namibia
Nancy Drew,Olivier Matlock,6/16/1988,"Dragon, asian water",pop punk,370,,Devcast,Iran
Help!,,11/26/2005,Wattled crane,pop punk,62,,Fatz,China
When the Bough Breaks,Cami Perrottet,11/24/1992,Steenbuck,proto punk,372,,Skinte,China
Reindeerspotting - Pako joulumaasta,Myrna Stollwerck,7/28/1996,Blue fox,post punk,413,1,Skinix,Syria
Moonbase,Guinna Messenger,3/10/1979,"Creeper, black-tailed tree",hardcore,347,2,Gabcube,Bangladesh
Quadrille,Lyndel Tomisch,2/25/1993,Black-faced kangaroo,post punk,127,,Voomm,China
Bliss,Karen Peye,11/5/2011,"Rhea, gray",post punk,55,,Gabtype,Philippines
"Norte, the End of History",Jesse Gave,,,hardcore,261,,Miboo,Indonesia
Good Morning (Ohayô),Pippa Alten,3/7/2018,Steller's sea lion,punk,273,1,Realmix,Indonesia
Tammy and the T-Rex,Antonio Pelman,10/2/2008,"Dog, raccoon",punk,278,10,Reallinks,Philippines
"Horse Soldiers, The",Grannie Nicolls,6/15/2019,Rose-ringed parakeet,grunge,280,6,Topicstorm,
Sazen Tange and the Pot Worth a Million Ryo,Cody Blick,12/9/1977,"Lizard, goanna",punk,376,,Voonix,France
Children of the Corn: Genesis,Aurore Alesbrook,5/9/2003,"Barbet, crested",hardcore,309,,Riffwire,Ireland
Jeopardy (a.k.a. A Woman in Jeopardy),Sydney Duns,12/7/2014,Blue-footed booby,hardcore,173,3,Trupe,Sweden
MC5: Kick Out the Jams,Karee Halladay,,Sacred ibis,proto punk,20,,,
Good Guys Wear Black,Ramsay Spurden,10/30/1984,Collared peccary,proto punk,308,,,China
Homage,Katuscha Longbottom,11/2/2000,"Cobra, cape",post punk,319,10,Katz,China
Wild Seven,Lyndel Purkins,8/27/2014,Black-winged stilt,pop punk,31,3,,Bulgaria
Forget Me Not,Harland O'Fihily,12/3/2001,Levaillant's barbet,post punk,345,1,,China
Knucklehead,Adam Ioselevich,8/17/1973,"Dragon, ornate rock",post punk,258,3,Babblestorm,Italy
National Lampoon's Lady Killers (National Lampoon's Gold Diggers),Seward Dudney,10/31/2018,"Cat, cape wild",proto punk,291,,Yabox,Brazil
"Hollywood Complex, The",Sayre Parfett,12/30/2014,"Stork, jabiru",pop punk,263,,Cogilith,China
Divided We Fall (Musíme si pomáhat),,12/29/1987,Aardwolf,punk,95,7,,Peru
Splatter University,Baxter Almey,7/23/1985,Tiger snake,punk revival,84,5,Voonyx,United States
"Suddenly, Last Summer",Izzy Hughlock,5/2/2021,"Cobra, egyptian",grunge,323,1,Divavu,Czech Republic
"Black Dahlia, The",Eleen Begent,1/2/1992,Mocking cliffchat,punk,222,7,,Paraguay
"Very Harold & Kumar 3D Christmas, A",Leesa Cleaveland,11/12/1978,"Heron, green",proto punk,65,6,Meevee,China
"Long Voyage Home, The",Matthieu Wyldbore,2/2/1971,"Rat, arboral spiny",proto punk,139,8,,Indonesia
Perched on a Tree (Sur un arbre perché),Morgen Foister,10/25/1978,Great egret,punk revival,139,7,Zoonoodle,Russia
"Babadook, The",Suzann Craiker,12/14/1999,"Heron, little",post punk,357,,,Russia
Everest,Ilsa Spacie,7/29/1974,Eastern grey kangaroo,punk revival,267,2,,Brazil
Poltergeist II: The Other Side,Leontyne Antonich,,"Turtle, snake-necked",proto punk,130,1,,
Path to War,,5/31/1980,Red phalarope,post punk,322,,Devpoint,Indonesia
"Story of Esther Costello, The",Woodrow Scohier,12/29/1991,"Tortoise, radiated",pop punk,237,,Quaxo,Norway
"Dead, The",Kimmy Busby,8/27/1986,Wild turkey,hardcore,284,,Oyonder,Albania
Judy Berlin,Vail Nudde,5/6/2001,"Mynah, common",pop punk,38,6,Shuffletag,Greece
A House of Secrets: Exploring 'Dragonwyck',Brig Hedan,,Crested bunting,grunge,158,9,Meevee,United States
"Butcher Boy, The",Charmine Gallihaulk,4/7/1986,"Alligator, american",hardcore,384,,Rhynoodle,China
Foxy Brown,Constancia Tumber,9/6/2019,"Antechinus, brown",post punk,38,10,Yambee,Croatia
Cross My Heart,Burch Gomersall,5/29/2010,,proto punk,46,,Photospace,Indonesia
"Mean Season, The",Gawain Cadge,5/15/1975,"Goose, cape barren",hardcore,113,6,Brainlounge,Philippines
Matilda,Normy Roggers,12/31/2016,Green-winged macaw,pop punk,83,,Realcube,China
"General, The",,5/27/1998,"Duck, white-faced whistling",hardcore,85,8,Zoonoodle,Cameroon
Babymother,Kristina Myrtle,7/25/2007,"Cat, long-tailed spotted",hardcore,382,4,Divanoodle,Indonesia
Breach,Fred Witheridge,,"Squirrel, golden-mantled ground",hardcore,138,1,Zoomcast,Albania
"Manxman, The",Hannie Dymocke,3/21/1976,"Otter, north american river",pop punk,109,3,Meemm,Czech Republic
From the Sky Down,,4/26/1977,"Skunk, striped",grunge,261,3,Leenti,Russia
Kevin & Perry Go Large,Lexine Mottershaw,12/22/1979,"Cormorant, neotropic",proto punk,42,,Snaptags,
Biggles,Kahlil Hartington,7/6/2000,Burmese brown mountain tortoise,pop punk,24,,Topicware,United States
Ossos,Robinet Yushkin,7/9/2008,Python (unidentified),post punk,262,,Mydeo,Tanzania
Grand Theft Parsons,Annadiane Belin,7/20/1977,,grunge,72,,Skyvu,Indonesia
Sinbad: The Fifth Voyage,Arabele Fenech,12/26/2011,Brown antechinus,hardcore,415,5,Rhybox,Peru
Murder on Monday,Moishe Maffioni,,Two-toed sloth,hardcore,368,8,Devpulse,Bahamas
"Touch of Zen, A (Xia nu)",Auberon ducarme,7/29/1991,"Bat, madagascar fruit",pop punk,112,,Browseblab,Bulgaria
Mercy Streets,Worth De Gowe,9/22/2017,Common zorro,grunge,142,,Demivee,Brazil
Center Stage,Loni Wigmore,7/21/1999,"Toucan, red-billed",post punk,331,9,,Philippines
Camp Rock,,,Kori bustard,pop punk,305,2,Edgetag,Yemen
Moulin Rouge,Prince Arnoud,,Verreaux's sifaka,post punk,388,8,Skyndu,Indonesia
"Heartbeat Detector (Question humaine, La)",Jodi Singleton,12/2/2000,"Kookaburra, laughing",punk revival,330,3,Youspan,Poland
"Greening of Whitney Brown, The",Rosabelle Idill,4/5/1982,Marine iguana,punk revival,414,9,Kamba,France
Stand Up Guys,,,"Tortoise, burmese brown mountain",grunge,177,10,Oyoba,Brazil
"Pilgrim, The",Ax Grutchfield,9/15/1986,Brown capuchin,post punk,215,,Centidel,El Salvador
Paradise Now,Emlynn Rosendahl,7/3/1997,"Beaver, american",punk revival,401,,Topiclounge,
The Tenant of Wildfell Hall,Kerrie Colegate,4/11/1998,Ring-tailed coatimundi,proto punk,266,,,Greece
,Alexandrina Shuard,3/23/1989,House crow,punk revival,233,,Livetube,China
King Kong,,4/11/1978,"Crake, african black",pop punk,36,9,Twitterbridge,Ecuador
Cherry Blossoms (Kirschblüten - Hanami),Jeanine De Vuyst,10/4/1994,Glossy starling (unidentified),punk revival,248,1,Skinder,Indonesia
Paper Birds (Pájaros de papel),Irena Andrat,6/6/1992,"Stork, black-necked",punk revival,65,5,Gabtype,Colombia
Armour of God II: Operation Condor (Operation Condor) (Fei ying gai wak),Magdalene Lees,5/11/1985,"Fox, pampa gray",punk revival,215,4,,Palestinian Territory
Making the Earth Stand Still,,5/21/1973,Serval,punk,27,9,,Indonesia
"Human Centipede, The (First Sequence)",Morrie Diwell,4/5/1978,"Phalarope, grey",punk,28,,Eabox,
King Rat,Pincas Paxman,5/24/2020,"Wallaby, agile",proto punk,63,9,Brainbox,Jamaica
"First Deadly Sin, The",Steve Andriulis,6/25/1973,Cattle egret,pop punk,156,,Dabfeed,Philippines
Aladin,Kylen Wilber,6/23/1985,"Jacana, african",proto punk,315,3,Jabberbean,Indonesia
BookWars,Kristyn Izachik,1/30/2022,"Dolphin, common",punk revival,179,7,Topicshots,Indonesia
,Corny Kidson,2/1/2009,Common rhea,punk,141,,Edgepulse,Russia
Weeds,Emmalee Manes,7/13/2003,"Langur, gray",punk,140,2,Kazu,Japan
